Sat Aug 15 05:29:59 IST 2020,1294423557209030657,NEUTRAL,26
Sat Aug 15 05:29:56 IST 2020,1294423542872842241,NEUTRAL,8
Sat Aug 15 05:29:51 IST 2020,1294423522828324865,NEUTRAL,64
Sat Aug 15 05:29:50 IST 2020,1294423519724437506,NEUTRAL,43
Sat Aug 15 05:29:50 IST 2020,1294423519539761152,NEGATIVE,0
Sat Aug 15 05:29:49 IST 2020,1294423513181360128,NEUTRAL,0
Sat Aug 15 05:29:41 IST 2020,1294423479945580544,NEUTRAL,8
Sat Aug 15 05:29:39 IST 2020,1294423472047874048,NEUTRAL,0
Sat Aug 15 05:29:39 IST 2020,1294423471095721984,NEGATIVE,74
Sat Aug 15 05:29:38 IST 2020,1294423468818096128,NEUTRAL,0
Sat Aug 15 05:29:37 IST 2020,1294423461541171202,NEGATIVE,9423
Sat Aug 15 05:29:36 IST 2020,1294423457862692865,NEUTRAL,48
Sat Aug 15 05:29:35 IST 2020,1294423456055021570,NEUTRAL,8
Sat Aug 15 05:29:31 IST 2020,1294423440078917633,NEUTRAL,19844
Sat Aug 15 05:29:31 IST 2020,1294423439462281217,NEUTRAL,171
Sat Aug 15 05:29:27 IST 2020,1294423422408302594,NEGATIVE,1
Sat Aug 15 05:29:27 IST 2020,1294423421657313280,NEUTRAL,46
Sat Aug 15 05:29:27 IST 2020,1294423420432609281,NEUTRAL,69
Sat Aug 15 05:29:25 IST 2020,1294423411775508480,POSITIVE,0
Sat Aug 15 05:29:24 IST 2020,1294423408629829633,NEUTRAL,0
Sat Aug 15 05:29:19 IST 2020,1294423389067567104,NEGATIVE,9423
Sat Aug 15 05:29:19 IST 2020,1294423388988092416,NEUTRAL,0
Sat Aug 15 05:29:15 IST 2020,1294423371753705472,NEUTRAL,19844
Sat Aug 15 05:29:10 IST 2020,1294423351230857216,NEUTRAL,0
Sat Aug 15 05:29:08 IST 2020,1294423341751848962,NEGATIVE,9423
Sat Aug 15 05:29:06 IST 2020,1294423331614203912,NEGATIVE,0
Sat Aug 15 05:29:03 IST 2020,1294423320335724546,NEGATIVE,9423
Sat Aug 15 05:29:01 IST 2020,1294423313209589760,NEUTRAL,19844
Sat Aug 15 05:29:01 IST 2020,1294423313142382594,NEUTRAL,329
Sat Aug 15 05:29:00 IST 2020,1294423307761135618,NEUTRAL,9
Sat Aug 15 05:28:57 IST 2020,1294423295417294848,NEUTRAL,4
Sat Aug 15 05:28:57 IST 2020,1294423294414925825,NEUTRAL,0
Sat Aug 15 05:28:57 IST 2020,1294423294133895169,NEGATIVE,9423
Sat Aug 15 05:28:56 IST 2020,1294423292724609030,NEGATIVE,9423
Sat Aug 15 05:28:56 IST 2020,1294423290816200705,NEGATIVE,9423
Sat Aug 15 05:28:55 IST 2020,1294423287146196993,NEUTRAL,19844
Sat Aug 15 05:28:54 IST 2020,1294423281806839815,NEUTRAL,19844
Sat Aug 15 05:28:53 IST 2020,1294423278094819328,NEGATIVE,9423
Sat Aug 15 05:28:50 IST 2020,1294423264605896704,NEUTRAL,19844
Sat Aug 15 05:28:49 IST 2020,1294423262848483330,NEUTRAL,19844
Sat Aug 15 05:28:47 IST 2020,1294423252488597508,NEUTRAL,73
Sat Aug 15 05:28:45 IST 2020,1294423245601546240,NEGATIVE,2
Sat Aug 15 05:28:45 IST 2020,1294423243013517313,NEUTRAL,1
Sat Aug 15 05:28:44 IST 2020,1294423242304823296,NEUTRAL,19844
Sat Aug 15 05:28:44 IST 2020,1294423239423385600,NEUTRAL,3
Sat Aug 15 05:28:43 IST 2020,1294423237237993473,NEUTRAL,0
Sat Aug 15 05:28:31 IST 2020,1294423184448475136,NEUTRAL,1
Sat Aug 15 05:28:30 IST 2020,1294423183542681601,NEUTRAL,19844
Sat Aug 15 05:28:28 IST 2020,1294423175288119297,NEUTRAL,0
Sat Aug 15 05:28:25 IST 2020,1294423159987347456,NEUTRAL,0
Sat Aug 15 05:28:20 IST 2020,1294423138634170368,NEUTRAL,19844
Sat Aug 15 05:28:19 IST 2020,1294423134263816198,NEUTRAL,0
Sat Aug 15 05:28:17 IST 2020,1294423125841649664,NEUTRAL,13
Sat Aug 15 05:28:14 IST 2020,1294423114328178690,NEUTRAL,86
Sat Aug 15 05:28:12 IST 2020,1294423105192882176,NEUTRAL,0
Sat Aug 15 05:28:08 IST 2020,1294423090663915520,NEUTRAL,0
Sat Aug 15 05:28:02 IST 2020,1294423064038371328,NEUTRAL,1
Sat Aug 15 05:28:01 IST 2020,1294423062054608898,NEGATIVE,9423
Sat Aug 15 05:28:00 IST 2020,1294423055486386178,NEGATIVE,9423
Sat Aug 15 05:27:58 IST 2020,1294423046166663181,NEGATIVE,9423
Sat Aug 15 05:27:54 IST 2020,1294423031704518656,POSITIVE,2
Sat Aug 15 05:27:54 IST 2020,1294423030840594433,NEGATIVE,12964
Sat Aug 15 05:27:48 IST 2020,1294423004747833344,POSITIVE,0
Sat Aug 15 05:27:41 IST 2020,1294422977640046595,NEUTRAL,19844
Sat Aug 15 05:27:35 IST 2020,1294422952096739328,NEUTRAL,0
Sat Aug 15 05:27:29 IST 2020,1294422927933308930,NEUTRAL,19844
Sat Aug 15 05:27:29 IST 2020,1294422927090343936,POSITIVE,0
Sat Aug 15 05:27:28 IST 2020,1294422921952124929,NEUTRAL,1
Sat Aug 15 05:27:22 IST 2020,1294422896421433345,NEUTRAL,0
Sat Aug 15 05:27:21 IST 2020,1294422891489120266,NEGATIVE,9423
Sat Aug 15 05:27:20 IST 2020,1294422888590663680,VERY_NEGATIVE,0
Sat Aug 15 05:27:19 IST 2020,1294422883045867527,NEUTRAL,339
Sat Aug 15 05:27:19 IST 2020,1294422882886520835,POSITIVE,0
Sat Aug 15 05:27:18 IST 2020,1294422882089656321,NEUTRAL,339
Sat Aug 15 05:27:18 IST 2020,1294422881015824385,NEGATIVE,9423
Sat Aug 15 05:27:15 IST 2020,1294422867166322689,NEUTRAL,3
Sat Aug 15 05:27:14 IST 2020,1294422865337556993,NEUTRAL,2
Sat Aug 15 05:27:10 IST 2020,1294422846807011328,NEUTRAL,8
Sat Aug 15 05:26:56 IST 2020,1294422786186907652,NEUTRAL,0
Sat Aug 15 05:26:54 IST 2020,1294422778897141762,NEUTRAL,19844
Sat Aug 15 05:26:53 IST 2020,1294422776951050241,NEUTRAL,0
Sat Aug 15 05:26:48 IST 2020,1294422754666721281,POSITIVE,0
Sat Aug 15 05:26:48 IST 2020,1294422752602931200,POSITIVE,0
Sat Aug 15 05:26:47 IST 2020,1294422748681269248,NEUTRAL,8
Sat Aug 15 05:26:46 IST 2020,1294422747938877440,NEUTRAL,0
Sat Aug 15 05:26:43 IST 2020,1294422732608802828,NEUTRAL,41
Sat Aug 15 05:26:42 IST 2020,1294422730800918529,NEUTRAL,39
Sat Aug 15 05:26:41 IST 2020,1294422725457567750,NEUTRAL,1010
Sat Aug 15 05:26:37 IST 2020,1294422708781015041,NEUTRAL,0
Sat Aug 15 05:26:37 IST 2020,1294422706138439681,POSITIVE,194
Sat Aug 15 05:26:36 IST 2020,1294422702741233664,NEUTRAL,4
Sat Aug 15 05:26:35 IST 2020,1294422700572782593,NEUTRAL,339
Sat Aug 15 05:26:32 IST 2020,1294422688866242560,NEUTRAL,0
Sat Aug 15 05:26:32 IST 2020,1294422688300257282,NEUTRAL,4
Sat Aug 15 05:26:26 IST 2020,1294422662807093248,NEUTRAL,0
Sat Aug 15 05:26:25 IST 2020,1294422659028021248,NEGATIVE,1954
Sat Aug 15 05:26:22 IST 2020,1294422647095214080,NEUTRAL,24
Sat Aug 15 05:26:21 IST 2020,1294422640954953735,NEUTRAL,19844
Sat Aug 15 05:26:09 IST 2020,1294422591957012481,NEGATIVE,2
Sat Aug 15 05:26:08 IST 2020,1294422587766906880,NEGATIVE,8
Sat Aug 15 05:25:57 IST 2020,1294422541633613825,NEGATIVE,0
Sat Aug 15 05:25:55 IST 2020,1294422533668831237,NEUTRAL,31
Sat Aug 15 05:25:53 IST 2020,1294422525649264646,NEGATIVE,0
Sat Aug 15 05:25:49 IST 2020,1294422507987046401,NEUTRAL,19844
Sat Aug 15 05:25:45 IST 2020,1294422490186485762,NEUTRAL,0
Sat Aug 15 05:25:44 IST 2020,1294422486541406208,NEGATIVE,9423
Sat Aug 15 05:25:41 IST 2020,1294422473841287169,NEUTRAL,112
Sat Aug 15 05:25:39 IST 2020,1294422466442469376,NEUTRAL,339
Sat Aug 15 05:25:37 IST 2020,1294422457936478210,NEUTRAL,4996
Sat Aug 15 05:25:36 IST 2020,1294422451863068673,NEGATIVE,9423
Sat Aug 15 05:25:35 IST 2020,1294422447580762114,NEUTRAL,3
Sat Aug 15 05:25:34 IST 2020,1294422442803331072,NEUTRAL,0
Sat Aug 15 05:25:33 IST 2020,1294422439162781696,NEUTRAL,6
Sat Aug 15 05:25:33 IST 2020,1294422438273601536,NEUTRAL,19844
Sat Aug 15 05:25:31 IST 2020,1294422431751376897,NEGATIVE,9423
Sat Aug 15 05:25:28 IST 2020,1294422419432706049,NEGATIVE,9423
Sat Aug 15 05:25:26 IST 2020,1294422411220094976,NEUTRAL,8
Sat Aug 15 05:25:24 IST 2020,1294422402508546049,NEUTRAL,26
Sat Aug 15 05:25:22 IST 2020,1294422394656952320,NEGATIVE,9423
Sat Aug 15 05:25:22 IST 2020,1294422392622714886,NEUTRAL,339
Sat Aug 15 05:25:01 IST 2020,1294422303581888515,NEUTRAL,19844
Sat Aug 15 05:25:00 IST 2020,1294422302889738245,NEUTRAL,3
Sat Aug 15 05:24:59 IST 2020,1294422295071600645,NEUTRAL,135
Sat Aug 15 05:24:58 IST 2020,1294422290957033472,NEGATIVE,9423
Sat Aug 15 05:24:51 IST 2020,1294422262091669504,NEUTRAL,0
Sat Aug 15 05:24:49 IST 2020,1294422253271220224,NEGATIVE,0
Sat Aug 15 05:24:43 IST 2020,1294422229187530758,NEUTRAL,53
Sat Aug 15 05:24:40 IST 2020,1294422219171323904,NEUTRAL,1239
Sat Aug 15 05:24:38 IST 2020,1294422207897071616,NEUTRAL,19
Sat Aug 15 05:24:37 IST 2020,1294422203551944706,NEUTRAL,19844
Sat Aug 15 05:24:35 IST 2020,1294422197914787841,NEGATIVE,0
Sat Aug 15 05:24:35 IST 2020,1294422195360468993,NEUTRAL,19844
Sat Aug 15 05:24:34 IST 2020,1294422194186002432,NEGATIVE,0
Sat Aug 15 05:24:34 IST 2020,1294422193376354305,NEGATIVE,9423
Sat Aug 15 05:24:27 IST 2020,1294422164305784832,NEUTRAL,0
Sat Aug 15 05:24:18 IST 2020,1294422125072220160,NEUTRAL,0
Sat Aug 15 05:24:14 IST 2020,1294422107632410626,NEUTRAL,55
Sat Aug 15 05:24:12 IST 2020,1294422100380352524,NEGATIVE,9423
Sat Aug 15 05:24:12 IST 2020,1294422099411509248,NEUTRAL,19844
Sat Aug 15 05:24:09 IST 2020,1294422088095334407,NEGATIVE,0
Sat Aug 15 05:24:05 IST 2020,1294422072358207488,NEUTRAL,1092
Sat Aug 15 05:24:04 IST 2020,1294422065223737344,NEUTRAL,0
Sat Aug 15 05:24:00 IST 2020,1294422050975690753,NEUTRAL,19844
Sat Aug 15 05:23:58 IST 2020,1294422042750509056,NEUTRAL,97
Sat Aug 15 05:23:58 IST 2020,1294422042251583488,NEGATIVE,9423
Sat Aug 15 05:23:55 IST 2020,1294422030348099584,NEUTRAL,1010
Sat Aug 15 05:23:52 IST 2020,1294422017035436034,NEUTRAL,0
Sat Aug 15 05:23:50 IST 2020,1294422006667059205,NEUTRAL,0
Sat Aug 15 05:23:48 IST 2020,1294422000287580164,NEGATIVE,9423
Sat Aug 15 05:23:43 IST 2020,1294421978284199938,NEGATIVE,9423
Sat Aug 15 05:23:41 IST 2020,1294421971149688833,NEGATIVE,9423
Sat Aug 15 05:23:40 IST 2020,1294421966187720705,NEGATIVE,0
Sat Aug 15 05:23:40 IST 2020,1294421964157853696,NEGATIVE,0
Sat Aug 15 05:23:38 IST 2020,1294421957950222336,POSITIVE,0
Sat Aug 15 05:23:38 IST 2020,1294421957539254273,NEUTRAL,19844
Sat Aug 15 05:23:32 IST 2020,1294421934298390528,NEUTRAL,0
Sat Aug 15 05:23:28 IST 2020,1294421915268980738,NEUTRAL,0
Sat Aug 15 05:23:26 IST 2020,1294421908780396546,NEGATIVE,9423
Sat Aug 15 05:23:25 IST 2020,1294421903181053953,NEGATIVE,9423
Sat Aug 15 05:23:20 IST 2020,1294421883736272898,NEGATIVE,9423
Sat Aug 15 05:23:16 IST 2020,1294421865470013454,NEUTRAL,0
Sat Aug 15 05:23:15 IST 2020,1294421860759863298,NEUTRAL,0
Sat Aug 15 05:23:13 IST 2020,1294421854250315778,NEUTRAL,0
Sat Aug 15 05:23:13 IST 2020,1294421852153090049,NEUTRAL,4
Sat Aug 15 05:23:12 IST 2020,1294421847845621762,NEUTRAL,19844
Sat Aug 15 05:23:11 IST 2020,1294421843970064385,NEUTRAL,19844
Sat Aug 15 05:23:09 IST 2020,1294421836181241858,NEGATIVE,9423
Sat Aug 15 05:23:09 IST 2020,1294421834994155524,NEUTRAL,0
Sat Aug 15 05:23:08 IST 2020,1294421830027980800,NEGATIVE,9423
Sat Aug 15 05:23:07 IST 2020,1294421826823585792,NEGATIVE,196
Sat Aug 15 05:23:04 IST 2020,1294421816061067264,NEUTRAL,339
Sat Aug 15 05:23:03 IST 2020,1294421809476009984,NEUTRAL,19844
Sat Aug 15 05:23:03 IST 2020,1294421809404805120,NEUTRAL,0
Sat Aug 15 05:23:03 IST 2020,1294421809207615489,NEUTRAL,0
Sat Aug 15 05:23:00 IST 2020,1294421796314284034,NEUTRAL,0
Sat Aug 15 05:22:58 IST 2020,1294421788818997248,NEUTRAL,0
Sat Aug 15 05:22:58 IST 2020,1294421788231958529,NEUTRAL,0
Sat Aug 15 05:22:58 IST 2020,1294421787997081600,NEGATIVE,9423
Sat Aug 15 05:22:55 IST 2020,1294421778354384897,NEUTRAL,0
Sat Aug 15 05:22:53 IST 2020,1294421770427039746,NEUTRAL,0
Sat Aug 15 05:22:49 IST 2020,1294421750994870272,NEUTRAL,1
Sat Aug 15 05:22:36 IST 2020,1294421699233013761,NEUTRAL,339
Sat Aug 15 05:22:30 IST 2020,1294421673454841858,NEUTRAL,339
Sat Aug 15 05:22:29 IST 2020,1294421667238862850,NEUTRAL,1
Sat Aug 15 05:22:27 IST 2020,1294421661463314433,NEGATIVE,9423
Sat Aug 15 05:22:25 IST 2020,1294421651376021505,NEUTRAL,19844
Sat Aug 15 05:22:24 IST 2020,1294421648540667904,NEUTRAL,19844
Sat Aug 15 05:22:21 IST 2020,1294421634619670528,POSITIVE,223
Sat Aug 15 05:22:18 IST 2020,1294421623135764481,NEGATIVE,9423
Sat Aug 15 05:22:18 IST 2020,1294421622573629440,NEUTRAL,25
Sat Aug 15 05:22:16 IST 2020,1294421614814269440,NEGATIVE,9423
Sat Aug 15 05:22:15 IST 2020,1294421607960776704,NEUTRAL,19844
Sat Aug 15 05:22:15 IST 2020,1294421607549722624,NEUTRAL,9
Sat Aug 15 05:22:13 IST 2020,1294421600629133314,NEUTRAL,0
Sat Aug 15 05:22:10 IST 2020,1294421589786791937,NEUTRAL,43
Sat Aug 15 05:22:06 IST 2020,1294421571411615747,NEUTRAL,154
Sat Aug 15 05:22:05 IST 2020,1294421568592977920,NEUTRAL,5
Sat Aug 15 05:22:05 IST 2020,1294421567619977217,NEUTRAL,329
Sat Aug 15 05:21:56 IST 2020,1294421530953289735,NEGATIVE,9423
Sat Aug 15 05:21:52 IST 2020,1294421511684620288,POSITIVE,0
Sat Aug 15 05:21:51 IST 2020,1294421509834932224,NEUTRAL,2
Sat Aug 15 05:21:46 IST 2020,1294421487055601664,NEUTRAL,0
Sat Aug 15 05:21:45 IST 2020,1294421483133874176,NEGATIVE,9423
Sat Aug 15 05:21:42 IST 2020,1294421471943630848,NEUTRAL,19844
Sat Aug 15 05:21:37 IST 2020,1294421449998864384,NEGATIVE,9423
Sat Aug 15 05:21:32 IST 2020,1294421430247944195,NEGATIVE,0
Sat Aug 15 05:21:31 IST 2020,1294421424598376449,NEUTRAL,152
Sat Aug 15 05:21:31 IST 2020,1294421422970793985,NEGATIVE,9423
Sat Aug 15 05:21:28 IST 2020,1294421412514615299,NEGATIVE,9423
Sat Aug 15 05:21:25 IST 2020,1294421399419924480,NEUTRAL,60
Sat Aug 15 05:21:25 IST 2020,1294421398115557377,NEUTRAL,24
Sat Aug 15 05:21:23 IST 2020,1294421392633593857,NEUTRAL,39
Sat Aug 15 05:21:23 IST 2020,1294421392591589377,NEGATIVE,12
Sat Aug 15 05:21:21 IST 2020,1294421383955570689,NEUTRAL,0
Sat Aug 15 05:21:20 IST 2020,1294421379517943809,NEGATIVE,9423
Sat Aug 15 05:21:13 IST 2020,1294421349285466113,NEGATIVE,9423
Sat Aug 15 05:21:10 IST 2020,1294421337465921536,NEUTRAL,19843
Sat Aug 15 05:21:09 IST 2020,1294421334194368512,NEUTRAL,4
Sat Aug 15 05:21:09 IST 2020,1294421333418209280,POSITIVE,0
Sat Aug 15 05:21:09 IST 2020,1294421333137338371,NEUTRAL,2
Sat Aug 15 05:21:09 IST 2020,1294421332457926658,NEGATIVE,0
Sat Aug 15 05:21:09 IST 2020,1294421331283308544,NEGATIVE,0
Sat Aug 15 05:21:07 IST 2020,1294421325654773760,NEUTRAL,196
Sat Aug 15 05:21:06 IST 2020,1294421318759256064,NEGATIVE,9423
Sat Aug 15 05:21:00 IST 2020,1294421293702545415,NEUTRAL,19843
Sat Aug 15 05:20:57 IST 2020,1294421282285432832,NEUTRAL,0
Sat Aug 15 05:20:56 IST 2020,1294421277751427072,NEUTRAL,1
Sat Aug 15 05:20:48 IST 2020,1294421244163563522,NEGATIVE,9423
Sat Aug 15 05:20:48 IST 2020,1294421242351628289,NEUTRAL,9
Sat Aug 15 05:20:45 IST 2020,1294421233371471872,NEGATIVE,9423
Sat Aug 15 05:20:45 IST 2020,1294421230938927111,NEUTRAL,27
Sat Aug 15 05:20:44 IST 2020,1294421228753571847,NEGATIVE,0
Sat Aug 15 05:20:44 IST 2020,1294421226643841026,NEUTRAL,46
Sat Aug 15 05:20:44 IST 2020,1294421225679323141,NEUTRAL,9
Sat Aug 15 05:20:41 IST 2020,1294421215407296512,NEUTRAL,0
Sat Aug 15 05:20:41 IST 2020,1294421214530854912,NEGATIVE,0
Sat Aug 15 05:20:40 IST 2020,1294421209174736897,NEUTRAL,0
Sat Aug 15 05:20:37 IST 2020,1294421196176535552,NEUTRAL,1010
Sat Aug 15 05:20:34 IST 2020,1294421186072530944,NEGATIVE,9423
Sat Aug 15 05:20:32 IST 2020,1294421178275319809,NEUTRAL,2
Sat Aug 15 05:20:31 IST 2020,1294421172642168832,POSITIVE,0
Sat Aug 15 05:20:29 IST 2020,1294421166241673216,NEUTRAL,329
Sat Aug 15 05:20:27 IST 2020,1294421156330496000,NEGATIVE,9423
Sat Aug 15 05:20:26 IST 2020,1294421151108575232,NEUTRAL,0
Sat Aug 15 05:20:24 IST 2020,1294421144871882762,NEUTRAL,3
Sat Aug 15 05:20:24 IST 2020,1294421144863465473,NEUTRAL,3
Sat Aug 15 05:20:24 IST 2020,1294421144821542913,NEUTRAL,3
Sat Aug 15 05:20:23 IST 2020,1294421141147324421,NEGATIVE,0
Sat Aug 15 05:20:22 IST 2020,1294421136994971651,NEGATIVE,9423
Sat Aug 15 05:20:19 IST 2020,1294421123065675777,POSITIVE,3
Sat Aug 15 05:20:18 IST 2020,1294421117218611201,NEGATIVE,9423
Sat Aug 15 05:20:18 IST 2020,1294421116925038592,NEGATIVE,0
Sat Aug 15 05:20:16 IST 2020,1294421112177090560,POSITIVE,0
Sat Aug 15 05:20:13 IST 2020,1294421096087904257,NEUTRAL,9
Sat Aug 15 05:20:10 IST 2020,1294421084880560130,NEUTRAL,0
Sat Aug 15 05:20:10 IST 2020,1294421083739901953,NEUTRAL,40
Sat Aug 15 05:20:06 IST 2020,1294421067805724673,NEUTRAL,1
Sat Aug 15 05:20:02 IST 2020,1294421049531084800,NEUTRAL,19843
Sat Aug 15 05:20:01 IST 2020,1294421049317249032,NEGATIVE,0
Sat Aug 15 05:19:59 IST 2020,1294421038403641344,NEUTRAL,19843
Sat Aug 15 05:19:58 IST 2020,1294421035303960576,NEUTRAL,0
Sat Aug 15 05:19:57 IST 2020,1294421030849728514,NEGATIVE,9423
Sat Aug 15 05:19:55 IST 2020,1294421022951854080,NEUTRAL,19843
Sat Aug 15 05:19:55 IST 2020,1294421021827706880,NEGATIVE,9423
Sat Aug 15 05:19:51 IST 2020,1294421007336452099,NEUTRAL,1
Sat Aug 15 05:19:51 IST 2020,1294421007168688130,NEUTRAL,1
Sat Aug 15 05:19:51 IST 2020,1294421003955773440,NEGATIVE,9423
Sat Aug 15 05:19:49 IST 2020,1294420998847115264,NEUTRAL,19843
Sat Aug 15 05:19:47 IST 2020,1294420989695197184,NEUTRAL,171
Sat Aug 15 05:19:46 IST 2020,1294420984469102592,NEUTRAL,1
Sat Aug 15 05:19:46 IST 2020,1294420983420465165,NEUTRAL,4196
Sat Aug 15 05:19:44 IST 2020,1294420974553698304,NEUTRAL,43
Sat Aug 15 05:19:43 IST 2020,1294420972339105793,NEGATIVE,9423
Sat Aug 15 05:19:41 IST 2020,1294420962369208322,NEGATIVE,9423
Sat Aug 15 05:19:34 IST 2020,1294420934678286336,NEUTRAL,2
Sat Aug 15 05:19:32 IST 2020,1294420925748670465,NEGATIVE,9423
Sat Aug 15 05:19:29 IST 2020,1294420911664160768,NEUTRAL,0
Sat Aug 15 05:19:25 IST 2020,1294420896573280256,NEUTRAL,757
Sat Aug 15 05:19:24 IST 2020,1294420892181766144,NEUTRAL,1
Sat Aug 15 05:19:22 IST 2020,1294420882052599809,NEUTRAL,19843
Sat Aug 15 05:19:21 IST 2020,1294420880005660678,NEUTRAL,40
Sat Aug 15 05:19:20 IST 2020,1294420873613651971,NEUTRAL,0
Sat Aug 15 05:19:18 IST 2020,1294420867842072577,NEGATIVE,9423
Sat Aug 15 05:19:18 IST 2020,1294420867636776961,NEUTRAL,339
Sat Aug 15 05:19:18 IST 2020,1294420866902753282,NEUTRAL,19843
Sat Aug 15 05:19:13 IST 2020,1294420847353114624,NEUTRAL,19843
Sat Aug 15 05:19:13 IST 2020,1294420844006060032,NEUTRAL,0
Sat Aug 15 05:19:11 IST 2020,1294420838280835074,POSITIVE,0
Sat Aug 15 05:19:11 IST 2020,1294420835722240001,NEGATIVE,9423
Sat Aug 15 05:19:10 IST 2020,1294420835369811968,NEUTRAL,1
Sat Aug 15 05:19:07 IST 2020,1294420820824076288,NEUTRAL,171
Sat Aug 15 05:19:06 IST 2020,1294420816474656774,NEUTRAL,19843
Sat Aug 15 05:19:02 IST 2020,1294420798904471552,NEUTRAL,0
Sat Aug 15 05:18:57 IST 2020,1294420778314690560,NEGATIVE,9423
Sat Aug 15 05:18:52 IST 2020,1294420758781931525,NEGATIVE,9423
Sat Aug 15 05:18:51 IST 2020,1294420753908146178,NEUTRAL,19843
Sat Aug 15 05:18:50 IST 2020,1294420750095581186,NEGATIVE,9423
Sat Aug 15 05:18:42 IST 2020,1294420715798634496,NEUTRAL,0
Sat Aug 15 05:18:38 IST 2020,1294420698589532166,NEUTRAL,10
Sat Aug 15 05:18:31 IST 2020,1294420669011316739,NEUTRAL,2
Sat Aug 15 05:18:31 IST 2020,1294420668465831936,NEGATIVE,9423
Sat Aug 15 05:18:27 IST 2020,1294420653718765569,NEUTRAL,46
Sat Aug 15 05:18:24 IST 2020,1294420641228173313,NEUTRAL,0
Sat Aug 15 05:18:20 IST 2020,1294420621611368448,NEUTRAL,2
Sat Aug 15 05:18:18 IST 2020,1294420616590893056,NEUTRAL,31
Sat Aug 15 05:18:12 IST 2020,1294420590737133569,NEUTRAL,0
Sat Aug 15 05:18:10 IST 2020,1294420582457581573,NEUTRAL,19843
Sat Aug 15 05:18:09 IST 2020,1294420578846220289,NEUTRAL,0
Sat Aug 15 05:18:08 IST 2020,1294420573267865612,NEUTRAL,38
Sat Aug 15 05:17:59 IST 2020,1294420534520881152,POSITIVE,7
Sat Aug 15 05:17:58 IST 2020,1294420529609408514,NEUTRAL,0
Sat Aug 15 05:17:57 IST 2020,1294420526446903300,NEUTRAL,19843
Sat Aug 15 05:17:55 IST 2020,1294420518611951617,NEUTRAL,1092
Sat Aug 15 05:17:55 IST 2020,1294420518288990208,VERY_NEGATIVE,0
Sat Aug 15 05:17:52 IST 2020,1294420506477617153,NEUTRAL,0
Sat Aug 15 05:17:51 IST 2020,1294420501838860294,NEUTRAL,19843
Sat Aug 15 05:17:51 IST 2020,1294420500979101697,NEGATIVE,9423
Sat Aug 15 05:17:49 IST 2020,1294420492204605442,NEGATIVE,9423
Sat Aug 15 05:17:46 IST 2020,1294420480670289923,NEUTRAL,0
Sat Aug 15 05:17:45 IST 2020,1294420478698954759,NEUTRAL,0
Sat Aug 15 05:17:37 IST 2020,1294420441378033665,NEUTRAL,31
Sat Aug 15 05:17:33 IST 2020,1294420428052525056,NEUTRAL,152
Sat Aug 15 05:17:27 IST 2020,1294420402954010625,NEGATIVE,9423
Sat Aug 15 05:17:24 IST 2020,1294420387342823428,NEUTRAL,19843
Sat Aug 15 05:17:21 IST 2020,1294420378152865794,NEUTRAL,0
Sat Aug 15 05:17:21 IST 2020,1294420377989525504,NEUTRAL,0
Sat Aug 15 05:17:18 IST 2020,1294420364026617857,NEGATIVE,9423
Sat Aug 15 05:17:18 IST 2020,1294420361489125377,NEUTRAL,19843
Sat Aug 15 05:17:16 IST 2020,1294420353436000257,NEGATIVE,9423
Sat Aug 15 05:17:12 IST 2020,1294420336985829376,POSITIVE,0
Sat Aug 15 05:17:11 IST 2020,1294420332581797888,NEUTRAL,0
Sat Aug 15 05:17:10 IST 2020,1294420328412848128,NEGATIVE,0
Sat Aug 15 05:17:09 IST 2020,1294420326873313280,POSITIVE,0
Sat Aug 15 05:17:08 IST 2020,1294420320904867840,NEUTRAL,0
Sat Aug 15 05:17:07 IST 2020,1294420316358234113,NEUTRAL,1
Sat Aug 15 05:17:06 IST 2020,1294420314118664192,NEUTRAL,0
Sat Aug 15 05:16:57 IST 2020,1294420276231303168,NEUTRAL,0
Sat Aug 15 05:16:54 IST 2020,1294420261140344835,NEUTRAL,40
Sat Aug 15 05:16:51 IST 2020,1294420251376062464,NEGATIVE,9423
Sat Aug 15 05:16:50 IST 2020,1294420247756378112,NEGATIVE,0
Sat Aug 15 05:16:50 IST 2020,1294420247185891332,NEGATIVE,0
Sat Aug 15 05:16:49 IST 2020,1294420241645047808,NEGATIVE,9423
Sat Aug 15 05:16:49 IST 2020,1294420241196314625,POSITIVE,0
Sat Aug 15 05:16:46 IST 2020,1294420228458164225,NEGATIVE,0
Sat Aug 15 05:16:45 IST 2020,1294420225706864647,NEUTRAL,0
Sat Aug 15 05:16:42 IST 2020,1294420211194564609,NEUTRAL,93
Sat Aug 15 05:16:40 IST 2020,1294420205410582530,NEUTRAL,19843
Sat Aug 15 05:16:36 IST 2020,1294420189321322496,NEUTRAL,0
Sat Aug 15 05:16:32 IST 2020,1294420171126448129,NEGATIVE,9423
Sat Aug 15 05:16:32 IST 2020,1294420170274791424,NEGATIVE,9
Sat Aug 15 05:16:31 IST 2020,1294420166579814400,NEUTRAL,0
Sat Aug 15 05:16:27 IST 2020,1294420148233932800,NEUTRAL,19843
Sat Aug 15 05:16:24 IST 2020,1294420138817728512,NEUTRAL,7
Sat Aug 15 05:16:22 IST 2020,1294420128189169665,NEUTRAL,0
Sat Aug 15 05:16:19 IST 2020,1294420116084535297,NEUTRAL,0
Sat Aug 15 05:16:16 IST 2020,1294420104013373440,NEUTRAL,0
Sat Aug 15 05:16:16 IST 2020,1294420102012698629,NEGATIVE,9423
Sat Aug 15 05:16:12 IST 2020,1294420085038252034,NEUTRAL,19843
Sat Aug 15 05:16:09 IST 2020,1294420075588591625,POSITIVE,223
Sat Aug 15 05:16:06 IST 2020,1294420063177650178,NEUTRAL,15
Sat Aug 15 05:16:05 IST 2020,1294420055405535232,NEUTRAL,0
Sat Aug 15 05:15:59 IST 2020,1294420032051650568,NEUTRAL,0
Sat Aug 15 05:15:58 IST 2020,1294420028662730752,NEUTRAL,0
Sat Aug 15 05:15:54 IST 2020,1294420010455031808,POSITIVE,0
Sat Aug 15 05:15:52 IST 2020,1294420004184752129,NEGATIVE,14
Sat Aug 15 05:15:52 IST 2020,1294420000946524160,POSITIVE,0
Sat Aug 15 05:15:51 IST 2020,1294419996731416578,NEUTRAL,29
Sat Aug 15 05:15:45 IST 2020,1294419974912708611,NEUTRAL,19843
Sat Aug 15 05:15:39 IST 2020,1294419949532971008,NEGATIVE,12
Sat Aug 15 05:15:39 IST 2020,1294419949457420293,NEGATIVE,9423
Sat Aug 15 05:15:34 IST 2020,1294419926095101960,NEUTRAL,3580
Sat Aug 15 05:15:31 IST 2020,1294419916792016896,NEUTRAL,0
Sat Aug 15 05:15:28 IST 2020,1294419902900637696,NEUTRAL,0
Sat Aug 15 05:15:20 IST 2020,1294419867374891008,NEUTRAL,5
Sat Aug 15 05:15:19 IST 2020,1294419864338268166,NEGATIVE,9423
Sat Aug 15 05:15:14 IST 2020,1294419842603384843,NEUTRAL,0
Sat Aug 15 05:15:09 IST 2020,1294419821405192192,NEGATIVE,9423
Sat Aug 15 05:15:04 IST 2020,1294419802166038530,NEUTRAL,1092
Sat Aug 15 05:14:58 IST 2020,1294419775771246595,NEGATIVE,196
Sat Aug 15 05:14:57 IST 2020,1294419773489664002,NEUTRAL,329
Sat Aug 15 05:14:48 IST 2020,1294419733585055747,NEUTRAL,0
Sat Aug 15 05:14:47 IST 2020,1294419730363637761,NEUTRAL,0
Sat Aug 15 05:14:46 IST 2020,1294419725498363910,NEGATIVE,9423
Sat Aug 15 05:14:46 IST 2020,1294419724537925632,NEUTRAL,0
Sat Aug 15 05:14:45 IST 2020,1294419723308892160,NEUTRAL,0
Sat Aug 15 05:14:45 IST 2020,1294419723262795776,NEUTRAL,67
Sat Aug 15 05:14:45 IST 2020,1294419720553275392,NEUTRAL,19843
Sat Aug 15 05:14:44 IST 2020,1294419717185310721,NEUTRAL,19843
Sat Aug 15 05:14:40 IST 2020,1294419699363610624,NEUTRAL,19843
Sat Aug 15 05:14:37 IST 2020,1294419688827518977,NEUTRAL,0
Sat Aug 15 05:14:32 IST 2020,1294419667855872000,NEUTRAL,0
Sat Aug 15 05:14:31 IST 2020,1294419664488009728,NEGATIVE,3
Sat Aug 15 05:14:30 IST 2020,1294419659886747648,NEUTRAL,0
Sat Aug 15 05:14:30 IST 2020,1294419657735024640,NEGATIVE,9423
Sat Aug 15 05:14:27 IST 2020,1294419647111061504,NEUTRAL,25
Sat Aug 15 05:14:24 IST 2020,1294419635698360322,NEUTRAL,0
Sat Aug 15 05:14:19 IST 2020,1294419614374518789,NEUTRAL,2
Sat Aug 15 05:14:19 IST 2020,1294419613954879488,NEGATIVE,9423
Sat Aug 15 05:14:18 IST 2020,1294419607319609344,NEGATIVE,9423
Sat Aug 15 05:14:16 IST 2020,1294419602265370624,NEUTRAL,329
Sat Aug 15 05:14:13 IST 2020,1294419587841368064,NEGATIVE,9423
Sat Aug 15 05:14:07 IST 2020,1294419562969157634,NEGATIVE,9423
Sat Aug 15 05:14:05 IST 2020,1294419552856506368,NEUTRAL,196
Sat Aug 15 05:14:02 IST 2020,1294419542660149249,NEUTRAL,78
Sat Aug 15 05:13:59 IST 2020,1294419527577600000,NEUTRAL,0
Sat Aug 15 05:13:56 IST 2020,1294419518329102337,NEGATIVE,9423
Sat Aug 15 05:13:55 IST 2020,1294419513736228864,NEGATIVE,9423
Sat Aug 15 05:13:55 IST 2020,1294419512356270080,NEUTRAL,0
Sat Aug 15 05:13:51 IST 2020,1294419495709220870,NEUTRAL,53
Sat Aug 15 05:13:48 IST 2020,1294419481230553089,NEUTRAL,53
Sat Aug 15 05:13:46 IST 2020,1294419474540634112,NEUTRAL,19843
Sat Aug 15 05:13:45 IST 2020,1294419471998824448,NEUTRAL,0
Sat Aug 15 05:13:37 IST 2020,1294419437601398784,NEUTRAL,0
Sat Aug 15 05:13:36 IST 2020,1294419432585023488,NEUTRAL,0
Sat Aug 15 05:13:34 IST 2020,1294419422413819905,NEUTRAL,209
Sat Aug 15 05:13:34 IST 2020,1294419422363475971,NEUTRAL,0
Sat Aug 15 05:13:30 IST 2020,1294419407918301184,NEUTRAL,332
Sat Aug 15 05:13:26 IST 2020,1294419388620210176,NEUTRAL,0
Sat Aug 15 05:13:23 IST 2020,1294419378772094985,NEUTRAL,19843
Sat Aug 15 05:13:22 IST 2020,1294419373449388033,NEUTRAL,31
Sat Aug 15 05:13:14 IST 2020,1294419339886485504,NEUTRAL,0
Sat Aug 15 05:13:13 IST 2020,1294419336602427393,NEUTRAL,0
Sat Aug 15 05:13:10 IST 2020,1294419321536622597,NEUTRAL,19843
Sat Aug 15 05:13:09 IST 2020,1294419317757485062,NEUTRAL,0
Sat Aug 15 05:13:06 IST 2020,1294419304671313921,NEGATIVE,9423
Sat Aug 15 05:12:59 IST 2020,1294419275436961798,NEGATIVE,9423
Sat Aug 15 05:12:54 IST 2020,1294419254847188992,NEUTRAL,0
Sat Aug 15 05:12:53 IST 2020,1294419250988191744,POSITIVE,223
Sat Aug 15 05:12:52 IST 2020,1294419248874364929,NEUTRAL,2
Sat Aug 15 05:12:52 IST 2020,1294419248341630976,NEUTRAL,0
Sat Aug 15 05:12:41 IST 2020,1294419201508159489,NEGATIVE,9423
Sat Aug 15 05:12:37 IST 2020,1294419186228363268,NEUTRAL,6
Sat Aug 15 05:12:36 IST 2020,1294419182776389634,NEUTRAL,86
Sat Aug 15 05:12:36 IST 2020,1294419181996134402,NEGATIVE,0
Sat Aug 15 05:12:34 IST 2020,1294419174337523718,NEUTRAL,0
Sat Aug 15 05:12:34 IST 2020,1294419173473386496,NEUTRAL,43
Sat Aug 15 05:12:29 IST 2020,1294419151994236929,NEUTRAL,0
Sat Aug 15 05:12:25 IST 2020,1294419135724740614,NEUTRAL,6
Sat Aug 15 05:12:23 IST 2020,1294419128149827585,NEUTRAL,19843
Sat Aug 15 05:12:23 IST 2020,1294419124706258944,NEUTRAL,2
Sat Aug 15 05:12:19 IST 2020,1294419109094940672,POSITIVE,14
Sat Aug 15 05:12:18 IST 2020,1294419104070344704,NEGATIVE,9423
Sat Aug 15 05:12:17 IST 2020,1294419099917774848,NEGATIVE,9423
Sat Aug 15 05:12:13 IST 2020,1294419082746372096,NEGATIVE,9423
Sat Aug 15 05:12:12 IST 2020,1294419081181921280,POSITIVE,2
Sat Aug 15 05:12:08 IST 2020,1294419063242919941,NEGATIVE,9423
Sat Aug 15 05:12:05 IST 2020,1294419050970468352,NEUTRAL,0
Sat Aug 15 05:12:04 IST 2020,1294419044490076161,NEUTRAL,0
Sat Aug 15 05:11:59 IST 2020,1294419026496704513,NEUTRAL,31
Sat Aug 15 05:11:58 IST 2020,1294419023409451008,NEUTRAL,1
Sat Aug 15 05:11:58 IST 2020,1294419022029754372,NEGATIVE,9423
Sat Aug 15 05:11:57 IST 2020,1294419015390171139,NEUTRAL,1010
Sat Aug 15 05:11:56 IST 2020,1294419013771186176,NEUTRAL,11
Sat Aug 15 05:11:55 IST 2020,1294419010734489601,NEUTRAL,86
Sat Aug 15 05:11:53 IST 2020,1294419000634617861,NEGATIVE,9423
Sat Aug 15 05:11:40 IST 2020,1294418947677343744,NEUTRAL,0
Sat Aug 15 05:11:39 IST 2020,1294418940257419264,NEGATIVE,9423
Sat Aug 15 05:11:36 IST 2020,1294418930254176257,NEUTRAL,19842
Sat Aug 15 05:11:36 IST 2020,1294418928656158721,NEGATIVE,0
Sat Aug 15 05:11:34 IST 2020,1294418918639955968,NEUTRAL,0
Sat Aug 15 05:11:33 IST 2020,1294418916903542784,NEUTRAL,0
Sat Aug 15 05:11:32 IST 2020,1294418914290610178,NEUTRAL,19842
Sat Aug 15 05:11:32 IST 2020,1294418912168288256,NEGATIVE,9423
Sat Aug 15 05:11:32 IST 2020,1294418910461091840,NEGATIVE,9423
Sat Aug 15 05:11:31 IST 2020,1294418908783366144,NEUTRAL,0
Sat Aug 15 05:11:31 IST 2020,1294418906430537728,NEUTRAL,152
Sat Aug 15 05:11:28 IST 2020,1294418896079003648,NEGATIVE,9423
Sat Aug 15 05:11:27 IST 2020,1294418891859361792,NEUTRAL,86
Sat Aug 15 05:11:25 IST 2020,1294418883235872769,POSITIVE,1
Sat Aug 15 05:11:24 IST 2020,1294418880677502976,NEUTRAL,38
Sat Aug 15 05:11:21 IST 2020,1294418865368248325,NEUTRAL,8
Sat Aug 15 05:11:19 IST 2020,1294418859701800960,NEGATIVE,9423
Sat Aug 15 05:11:13 IST 2020,1294418831717302272,NEUTRAL,19842
Sat Aug 15 05:11:12 IST 2020,1294418830513655812,NEUTRAL,0
Sat Aug 15 05:11:11 IST 2020,1294418825669218305,NEGATIVE,28
Sat Aug 15 05:11:10 IST 2020,1294418821227323394,POSITIVE,0
Sat Aug 15 05:11:09 IST 2020,1294418815456022528,NEUTRAL,0
Sat Aug 15 05:11:09 IST 2020,1294418815326007298,NEUTRAL,49
Sat Aug 15 05:11:09 IST 2020,1294418814407446529,NEUTRAL,19842
Sat Aug 15 05:11:07 IST 2020,1294418807654477824,NEUTRAL,11
Sat Aug 15 05:11:03 IST 2020,1294418790877470720,NEGATIVE,9423
Sat Aug 15 05:11:00 IST 2020,1294418779762458625,NEUTRAL,0
Sat Aug 15 05:10:59 IST 2020,1294418775001964545,NEGATIVE,9423
Sat Aug 15 05:10:57 IST 2020,1294418767297028099,NEUTRAL,19843
Sat Aug 15 05:10:56 IST 2020,1294418762012262401,NEGATIVE,3
Sat Aug 15 05:10:56 IST 2020,1294418759420203009,NEUTRAL,0
Sat Aug 15 05:10:54 IST 2020,1294418751853477890,NEUTRAL,0
Sat Aug 15 05:10:51 IST 2020,1294418741971824640,NEUTRAL,19843
Sat Aug 15 05:10:50 IST 2020,1294418737899147266,NEUTRAL,19843
Sat Aug 15 05:10:50 IST 2020,1294418736972275712,NEUTRAL,6
Sat Aug 15 05:10:50 IST 2020,1294418734677884930,NEUTRAL,24
Sat Aug 15 05:10:47 IST 2020,1294418724183781376,NEUTRAL,1
Sat Aug 15 05:10:44 IST 2020,1294418709965164555,NEUTRAL,1
Sat Aug 15 05:10:43 IST 2020,1294418708262260736,NEUTRAL,19843
Sat Aug 15 05:10:40 IST 2020,1294418693565435913,NEUTRAL,0
Sat Aug 15 05:10:36 IST 2020,1294418677631078400,NEGATIVE,9423
Sat Aug 15 05:10:35 IST 2020,1294418673394954240,NEUTRAL,46
Sat Aug 15 05:10:33 IST 2020,1294418664310153218,NEUTRAL,19843
Sat Aug 15 05:10:31 IST 2020,1294418656160448512,NEUTRAL,3
Sat Aug 15 05:10:30 IST 2020,1294418651919970305,NEGATIVE,0
Sat Aug 15 05:10:28 IST 2020,1294418644664029184,NEUTRAL,44
Sat Aug 15 05:10:27 IST 2020,1294418638363955201,NEUTRAL,2
Sat Aug 15 05:10:24 IST 2020,1294418628691935232,NEGATIVE,0
Sat Aug 15 05:10:24 IST 2020,1294418627983278084,NEUTRAL,19843
Sat Aug 15 05:10:18 IST 2020,1294418600288301056,NEUTRAL,19843
Sat Aug 15 05:10:15 IST 2020,1294418591257890818,POSITIVE,1
Sat Aug 15 05:10:11 IST 2020,1294418571632746496,NEUTRAL,0
Sat Aug 15 05:10:11 IST 2020,1294418571041345538,NEUTRAL,19843
Sat Aug 15 05:10:07 IST 2020,1294418557703462912,NEGATIVE,9423
Sat Aug 15 05:10:06 IST 2020,1294418552288681984,NEGATIVE,9423
Sat Aug 15 05:10:04 IST 2020,1294418541190537216,NEGATIVE,9423
Sat Aug 15 05:10:03 IST 2020,1294418540443734018,NEGATIVE,0
Sat Aug 15 05:10:01 IST 2020,1294418531132596226,NEUTRAL,19843
Sat Aug 15 05:09:58 IST 2020,1294418519849701377,NEGATIVE,0
Sat Aug 15 05:09:55 IST 2020,1294418504859303936,NEGATIVE,9423
Sat Aug 15 05:09:54 IST 2020,1294418502426726406,NEUTRAL,19843
Sat Aug 15 05:09:53 IST 2020,1294418497632575490,NEUTRAL,2
Sat Aug 15 05:09:49 IST 2020,1294418481866256384,NEUTRAL,0
Sat Aug 15 05:09:49 IST 2020,1294418479811100681,NEUTRAL,19843
Sat Aug 15 05:09:47 IST 2020,1294418472466878465,NEUTRAL,19843
Sat Aug 15 05:09:47 IST 2020,1294418471057526789,NEUTRAL,0
Sat Aug 15 05:09:46 IST 2020,1294418465672048640,NEUTRAL,19843
Sat Aug 15 05:09:45 IST 2020,1294418463604252674,NEUTRAL,2
Sat Aug 15 05:09:43 IST 2020,1294418455194566656,NEUTRAL,0
Sat Aug 15 05:09:43 IST 2020,1294418453940645888,NEUTRAL,3
Sat Aug 15 05:09:39 IST 2020,1294418436911595520,NEUTRAL,0
Sat Aug 15 05:09:36 IST 2020,1294418427185168384,NEUTRAL,1010
Sat Aug 15 05:09:36 IST 2020,1294418425217982465,NEUTRAL,19843
Sat Aug 15 05:09:26 IST 2020,1294418383790919685,NEGATIVE,9423
Sat Aug 15 05:09:26 IST 2020,1294418382515822594,NEGATIVE,9423
Sat Aug 15 05:09:25 IST 2020,1294418378350788610,POSITIVE,0
Sat Aug 15 05:09:19 IST 2020,1294418354804056066,NEUTRAL,19843
Sat Aug 15 05:09:18 IST 2020,1294418350853050370,NEUTRAL,19843
Sat Aug 15 05:09:16 IST 2020,1294418342304870400,NEGATIVE,9423
Sat Aug 15 05:09:13 IST 2020,1294418328593797123,NEUTRAL,15
Sat Aug 15 05:09:11 IST 2020,1294418319802544129,NEUTRAL,31
Sat Aug 15 05:09:09 IST 2020,1294418314471432192,NEGATIVE,9423
Sat Aug 15 05:09:09 IST 2020,1294418311497814019,NEUTRAL,0
Sat Aug 15 05:09:06 IST 2020,1294418299900502017,POSITIVE,0
Sat Aug 15 05:09:01 IST 2020,1294418280011239425,NEUTRAL,31
Sat Aug 15 05:09:00 IST 2020,1294418273417781248,NEUTRAL,19843
Sat Aug 15 05:08:59 IST 2020,1294418270108487685,NEUTRAL,1010
Sat Aug 15 05:08:57 IST 2020,1294418262827184129,NEUTRAL,19843
Sat Aug 15 05:08:54 IST 2020,1294418251691241472,NEUTRAL,1
Sat Aug 15 05:08:54 IST 2020,1294418248927191040,NEUTRAL,3
Sat Aug 15 05:08:52 IST 2020,1294418239238414338,NEUTRAL,0
Sat Aug 15 05:08:51 IST 2020,1294418236797259778,NEGATIVE,9423
Sat Aug 15 05:08:50 IST 2020,1294418231063543816,NEUTRAL,135
Sat Aug 15 05:08:49 IST 2020,1294418230631641090,NEGATIVE,9423
Sat Aug 15 05:08:48 IST 2020,1294418225766084608,NEUTRAL,38
Sat Aug 15 05:08:47 IST 2020,1294418218333999104,NEUTRAL,0
Sat Aug 15 05:08:45 IST 2020,1294418211488903169,NEUTRAL,0
Sat Aug 15 05:08:41 IST 2020,1294418194850107398,NEUTRAL,0
Sat Aug 15 05:08:36 IST 2020,1294418176055414787,NEUTRAL,0
Sat Aug 15 05:08:35 IST 2020,1294418171496034305,NEUTRAL,0
Sat Aug 15 05:08:35 IST 2020,1294418168706998281,NEGATIVE,9423
Sat Aug 15 05:08:34 IST 2020,1294418165020209153,NEUTRAL,0
Sat Aug 15 05:08:30 IST 2020,1294418151027941377,NEUTRAL,46
Sat Aug 15 05:08:29 IST 2020,1294418144153473024,NEUTRAL,0
Sat Aug 15 05:08:27 IST 2020,1294418137279090692,NEUTRAL,0
Sat Aug 15 05:08:24 IST 2020,1294418124884803589,NEUTRAL,1092
Sat Aug 15 05:08:21 IST 2020,1294418112054538248,NEGATIVE,389
Sat Aug 15 05:08:20 IST 2020,1294418108288032768,NEUTRAL,135
Sat Aug 15 05:08:19 IST 2020,1294418101446967297,NEUTRAL,0
Sat Aug 15 05:08:17 IST 2020,1294418094668955648,NEGATIVE,1
Sat Aug 15 05:08:17 IST 2020,1294418093918179328,NEGATIVE,9423
Sat Aug 15 05:08:15 IST 2020,1294418085391327234,NEGATIVE,9423
Sat Aug 15 05:08:15 IST 2020,1294418085248606208,NEUTRAL,1
Sat Aug 15 05:08:12 IST 2020,1294418073596964865,NEUTRAL,0
Sat Aug 15 05:08:11 IST 2020,1294418068681240576,NEUTRAL,2
Sat Aug 15 05:08:09 IST 2020,1294418061223583744,NEGATIVE,49
Sat Aug 15 05:08:08 IST 2020,1294418058300108800,NEUTRAL,0
Sat Aug 15 05:08:07 IST 2020,1294418053510434816,NEGATIVE,36
Sat Aug 15 05:08:05 IST 2020,1294418045754961920,NEUTRAL,2
Sat Aug 15 05:07:53 IST 2020,1294417994429411328,NEUTRAL,14
Sat Aug 15 05:07:51 IST 2020,1294417986208460800,NEUTRAL,329
Sat Aug 15 05:07:50 IST 2020,1294417981057961985,NEUTRAL,1
Sat Aug 15 05:07:49 IST 2020,1294417975772983297,NEGATIVE,9423
Sat Aug 15 05:07:48 IST 2020,1294417971020996609,NEUTRAL,31
Sat Aug 15 05:07:45 IST 2020,1294417958639480834,NEUTRAL,0
Sat Aug 15 05:07:43 IST 2020,1294417950347272192,NEUTRAL,0
Sat Aug 15 05:07:40 IST 2020,1294417940003971073,NEUTRAL,7
Sat Aug 15 05:07:37 IST 2020,1294417928033427456,NEUTRAL,29
Sat Aug 15 05:07:34 IST 2020,1294417915442270208,NEGATIVE,9423
Sat Aug 15 05:07:32 IST 2020,1294417906672062464,NEUTRAL,31
Sat Aug 15 05:07:32 IST 2020,1294417905799573510,NEUTRAL,0
Sat Aug 15 05:07:27 IST 2020,1294417884664328192,NEGATIVE,9423
Sat Aug 15 05:07:26 IST 2020,1294417881099362310,NEGATIVE,0
Sat Aug 15 05:07:24 IST 2020,1294417872538697729,NEUTRAL,0
Sat Aug 15 05:07:12 IST 2020,1294417822236409857,NEUTRAL,19843
Sat Aug 15 05:07:09 IST 2020,1294417810165239815,NEGATIVE,9423
Sat Aug 15 05:07:03 IST 2020,1294417783271223296,NEGATIVE,9423
Sat Aug 15 05:07:01 IST 2020,1294417777432895492,NEUTRAL,15
Sat Aug 15 05:07:00 IST 2020,1294417772332621824,NEUTRAL,35
Sat Aug 15 05:06:59 IST 2020,1294417767219650561,NEGATIVE,9423
Sat Aug 15 05:06:57 IST 2020,1294417759275638784,NEGATIVE,9423
Sat Aug 15 05:06:53 IST 2020,1294417743056445441,NEUTRAL,31
Sat Aug 15 05:06:53 IST 2020,1294417741609414656,NEUTRAL,19843
Sat Aug 15 05:06:51 IST 2020,1294417734634287104,POSITIVE,194
Sat Aug 15 05:06:47 IST 2020,1294417716170891264,NEGATIVE,9423
Sat Aug 15 05:06:45 IST 2020,1294417707371290626,NEUTRAL,0
Sat Aug 15 05:06:41 IST 2020,1294417692296871937,NEUTRAL,0
Sat Aug 15 05:06:41 IST 2020,1294417690774257664,NEGATIVE,9423
Sat Aug 15 05:06:40 IST 2020,1294417685594419200,NEUTRAL,31
Sat Aug 15 05:06:34 IST 2020,1294417663737958401,POSITIVE,0
Sat Aug 15 05:06:32 IST 2020,1294417652463611904,NEGATIVE,9423
Sat Aug 15 05:06:29 IST 2020,1294417641906622466,NEUTRAL,19843
Sat Aug 15 05:06:25 IST 2020,1294417622969139202,NEGATIVE,0
Sat Aug 15 05:06:24 IST 2020,1294417620742164487,NEUTRAL,19843
Sat Aug 15 05:06:21 IST 2020,1294417606171144192,NEUTRAL,19
Sat Aug 15 05:06:20 IST 2020,1294417604099153921,NEUTRAL,27
Sat Aug 15 05:06:20 IST 2020,1294417604094959622,NEUTRAL,0
Sat Aug 15 05:06:19 IST 2020,1294417599816773633,NEUTRAL,0
Sat Aug 15 05:06:19 IST 2020,1294417597677608965,NEGATIVE,9423
Sat Aug 15 05:06:13 IST 2020,1294417572494860288,NEGATIVE,48
Sat Aug 15 05:06:11 IST 2020,1294417566874701825,NEUTRAL,152
Sat Aug 15 05:06:10 IST 2020,1294417562302906375,NEUTRAL,31
Sat Aug 15 05:06:05 IST 2020,1294417541960523777,NEUTRAL,53
Sat Aug 15 05:06:02 IST 2020,1294417528156876800,NEUTRAL,2
Sat Aug 15 05:06:01 IST 2020,1294417525137117184,NEUTRAL,19843
Sat Aug 15 05:05:58 IST 2020,1294417512201887746,NEUTRAL,19843
Sat Aug 15 05:05:57 IST 2020,1294417509261729793,NEUTRAL,1
Sat Aug 15 05:05:56 IST 2020,1294417502123032580,NEGATIVE,9423
Sat Aug 15 05:05:53 IST 2020,1294417491368845313,POSITIVE,0
Sat Aug 15 05:05:52 IST 2020,1294417487438782464,NEUTRAL,0
Sat Aug 15 05:05:50 IST 2020,1294417477514989574,NEUTRAL,19843
Sat Aug 15 05:05:48 IST 2020,1294417468300103682,NEGATIVE,0
Sat Aug 15 05:05:47 IST 2020,1294417465196199936,NEUTRAL,0
Sat Aug 15 05:05:47 IST 2020,1294417463568932869,NEUTRAL,0
Sat Aug 15 05:05:46 IST 2020,1294417462906294274,NEGATIVE,9423
Sat Aug 15 05:05:44 IST 2020,1294417451770249216,POSITIVE,2
Sat Aug 15 05:05:43 IST 2020,1294417448880537607,NEUTRAL,19843
Sat Aug 15 05:05:43 IST 2020,1294417448071028736,NEUTRAL,26
Sat Aug 15 05:05:42 IST 2020,1294417443348262919,NEUTRAL,19843
Sat Aug 15 05:05:40 IST 2020,1294417436779962369,NEGATIVE,0
Sat Aug 15 05:05:39 IST 2020,1294417432019435522,NEUTRAL,19843
Sat Aug 15 05:05:34 IST 2020,1294417410112593920,NEUTRAL,0
Sat Aug 15 05:05:29 IST 2020,1294417388092436483,NEUTRAL,339
Sat Aug 15 05:05:27 IST 2020,1294417383252164609,POSITIVE,0
Sat Aug 15 05:05:24 IST 2020,1294417369511555074,NEGATIVE,80
Sat Aug 15 05:05:23 IST 2020,1294417364839215112,NEUTRAL,19843
Sat Aug 15 05:05:22 IST 2020,1294417360791769088,NEUTRAL,10
Sat Aug 15 05:05:20 IST 2020,1294417353955061761,NEUTRAL,19843
Sat Aug 15 05:05:15 IST 2020,1294417331997876226,NEGATIVE,200
Sat Aug 15 05:05:09 IST 2020,1294417306324553728,NEUTRAL,26
Sat Aug 15 05:05:08 IST 2020,1294417301765152768,NEGATIVE,9423
Sat Aug 15 05:05:07 IST 2020,1294417299022192640,NEUTRAL,19843
Sat Aug 15 05:05:07 IST 2020,1294417295830179846,NEGATIVE,9423
Sat Aug 15 05:05:06 IST 2020,1294417293666115595,NEUTRAL,1092
Sat Aug 15 05:05:02 IST 2020,1294417278553878528,NEUTRAL,27
Sat Aug 15 05:05:00 IST 2020,1294417268743516163,NEGATIVE,0
Sat Aug 15 05:04:58 IST 2020,1294417258958262276,NEUTRAL,19843
Sat Aug 15 05:04:54 IST 2020,1294417241367183360,NEGATIVE,9423
Sat Aug 15 05:04:53 IST 2020,1294417238875922432,NEGATIVE,9423
Sat Aug 15 05:04:52 IST 2020,1294417234626883585,NEUTRAL,1
Sat Aug 15 05:04:50 IST 2020,1294417224854372354,NEUTRAL,19843
Sat Aug 15 05:04:47 IST 2020,1294417213231751168,NEUTRAL,0
Sat Aug 15 05:04:45 IST 2020,1294417205791281158,NEUTRAL,19843
Sat Aug 15 05:04:43 IST 2020,1294417195188006914,NEGATIVE,1
Sat Aug 15 05:04:36 IST 2020,1294417166146600965,NEUTRAL,19843
Sat Aug 15 05:04:31 IST 2020,1294417148165718016,NEUTRAL,0
Sat Aug 15 05:04:31 IST 2020,1294417145972105217,NEUTRAL,0
Sat Aug 15 05:04:30 IST 2020,1294417140833976321,NEGATIVE,9423
Sat Aug 15 05:04:29 IST 2020,1294417136991969280,NEUTRAL,0
Sat Aug 15 05:04:28 IST 2020,1294417135549263873,NEUTRAL,19843
Sat Aug 15 05:04:25 IST 2020,1294417123264126976,NEUTRAL,0
Sat Aug 15 05:04:20 IST 2020,1294417098723082240,NEGATIVE,9423
Sat Aug 15 05:04:13 IST 2020,1294417073121067010,NEGATIVE,0
Sat Aug 15 05:04:11 IST 2020,1294417060613763075,NEGATIVE,0
Sat Aug 15 05:04:10 IST 2020,1294417058583781377,NEUTRAL,0
Sat Aug 15 05:04:09 IST 2020,1294417055387652097,POSITIVE,0
Sat Aug 15 05:04:08 IST 2020,1294417050094440448,NEUTRAL,11
Sat Aug 15 05:04:07 IST 2020,1294417044348207104,NEUTRAL,1010
Sat Aug 15 05:04:06 IST 2020,1294417041198383105,NEGATIVE,0
Sat Aug 15 05:04:03 IST 2020,1294417027675848707,NEUTRAL,11
Sat Aug 15 05:04:02 IST 2020,1294417024232243200,NEGATIVE,9423
Sat Aug 15 05:03:59 IST 2020,1294417012307959813,POSITIVE,0
Sat Aug 15 05:03:59 IST 2020,1294417011812864000,NEUTRAL,0
Sat Aug 15 05:03:59 IST 2020,1294417011590737921,NEGATIVE,9423
Sat Aug 15 05:03:58 IST 2020,1294417007610408969,NEUTRAL,19843
Sat Aug 15 05:03:57 IST 2020,1294417005584486403,POSITIVE,0
Sat Aug 15 05:03:56 IST 2020,1294417000475828224,NEUTRAL,19843
Sat Aug 15 05:03:54 IST 2020,1294416992263438337,NEUTRAL,19843
Sat Aug 15 05:03:54 IST 2020,1294416991349088257,NEUTRAL,0
Sat Aug 15 05:03:53 IST 2020,1294416985741299712,NEUTRAL,19843
Sat Aug 15 05:03:52 IST 2020,1294416984164249601,NEUTRAL,2
Sat Aug 15 05:03:51 IST 2020,1294416978900287488,NEUTRAL,0
Sat Aug 15 05:03:47 IST 2020,1294416963310100481,NEUTRAL,3
Sat Aug 15 05:03:46 IST 2020,1294416955810684930,NEUTRAL,31
Sat Aug 15 05:03:42 IST 2020,1294416940165890048,NEUTRAL,31
Sat Aug 15 05:03:42 IST 2020,1294416939117404167,NEUTRAL,19843
Sat Aug 15 05:03:40 IST 2020,1294416933375430656,NEGATIVE,9423
Sat Aug 15 05:03:37 IST 2020,1294416920414953473,POSITIVE,0
Sat Aug 15 05:03:29 IST 2020,1294416884603879424,NEUTRAL,19843
Sat Aug 15 05:03:27 IST 2020,1294416879826751488,NEUTRAL,19843
Sat Aug 15 05:03:27 IST 2020,1294416878157402113,NEUTRAL,204
Sat Aug 15 05:03:26 IST 2020,1294416873744932865,NEUTRAL,19843
Sat Aug 15 05:03:26 IST 2020,1294416871857561601,NEUTRAL,19843
Sat Aug 15 05:03:25 IST 2020,1294416871186288640,NEUTRAL,0
Sat Aug 15 05:03:23 IST 2020,1294416860562231296,NEGATIVE,55
Sat Aug 15 05:03:22 IST 2020,1294416856938360832,NEUTRAL,19843
Sat Aug 15 05:03:19 IST 2020,1294416843067650049,NEGATIVE,9423
Sat Aug 15 05:03:15 IST 2020,1294416827339046917,VERY_NEGATIVE,1
Sat Aug 15 05:03:13 IST 2020,1294416820670066689,NEUTRAL,13477
Sat Aug 15 05:03:12 IST 2020,1294416817109315585,NEUTRAL,19843
Sat Aug 15 05:03:11 IST 2020,1294416809375006720,NEUTRAL,4
Sat Aug 15 05:03:06 IST 2020,1294416791998009344,NEUTRAL,0
Sat Aug 15 05:03:06 IST 2020,1294416791213617153,NEGATIVE,0
Sat Aug 15 05:03:04 IST 2020,1294416782363627521,NEUTRAL,1092
Sat Aug 15 05:03:03 IST 2020,1294416775434690560,NEUTRAL,31
Sat Aug 15 05:03:02 IST 2020,1294416773459193858,NEUTRAL,19843
Sat Aug 15 05:03:02 IST 2020,1294416771873738752,NEUTRAL,27
Sat Aug 15 05:03:00 IST 2020,1294416766278545414,NEGATIVE,196
Sat Aug 15 05:03:00 IST 2020,1294416764579663872,NEUTRAL,31
Sat Aug 15 05:03:00 IST 2020,1294416764462419969,NEUTRAL,1
Sat Aug 15 05:03:00 IST 2020,1294416763019567104,POSITIVE,0
Sat Aug 15 05:02:56 IST 2020,1294416749220237314,POSITIVE,0
Sat Aug 15 05:02:48 IST 2020,1294416714248200192,NEUTRAL,31
Sat Aug 15 05:02:47 IST 2020,1294416712020836352,NEUTRAL,4
Sat Aug 15 05:02:44 IST 2020,1294416697219260416,NEGATIVE,9423
Sat Aug 15 05:02:40 IST 2020,1294416680177881090,NEGATIVE,9423
Sat Aug 15 05:02:40 IST 2020,1294416679854907392,NEUTRAL,0
Sat Aug 15 05:02:38 IST 2020,1294416670967173121,NEUTRAL,19843
Sat Aug 15 05:02:33 IST 2020,1294416652692598784,NEUTRAL,2
Sat Aug 15 05:02:33 IST 2020,1294416650717069312,NEUTRAL,31
Sat Aug 15 05:02:32 IST 2020,1294416646879281154,NEUTRAL,0
Sat Aug 15 05:02:29 IST 2020,1294416633218252801,NEUTRAL,0
Sat Aug 15 05:02:24 IST 2020,1294416613974970368,NEUTRAL,1010
Sat Aug 15 05:02:24 IST 2020,1294416613458862080,NEGATIVE,9423
Sat Aug 15 05:02:15 IST 2020,1294416574070300677,NEUTRAL,19843
Sat Aug 15 05:02:13 IST 2020,1294416567715979264,NEUTRAL,19843
Sat Aug 15 05:02:13 IST 2020,1294416566067572736,NEUTRAL,19843
Sat Aug 15 05:02:12 IST 2020,1294416565493018625,NEUTRAL,0
Sat Aug 15 05:02:09 IST 2020,1294416550578003970,NEGATIVE,1
Sat Aug 15 05:02:09 IST 2020,1294416549474951169,NEUTRAL,1
Sat Aug 15 05:02:08 IST 2020,1294416546417258497,NEUTRAL,19843
Sat Aug 15 05:02:07 IST 2020,1294416542994583552,NEUTRAL,78
Sat Aug 15 05:02:05 IST 2020,1294416532424949760,NEUTRAL,58
Sat Aug 15 05:02:04 IST 2020,1294416531594588161,NEGATIVE,9423
Sat Aug 15 05:02:00 IST 2020,1294416511646531585,NEGATIVE,9423
Sat Aug 15 05:01:59 IST 2020,1294416507288551429,NEUTRAL,19843
Sat Aug 15 05:01:55 IST 2020,1294416491962683392,NEUTRAL,0
Sat Aug 15 05:01:46 IST 2020,1294416456181055492,NEUTRAL,135
Sat Aug 15 05:01:45 IST 2020,1294416450795511808,NEGATIVE,9423
Sat Aug 15 05:01:35 IST 2020,1294416409196453888,NEGATIVE,9423
Sat Aug 15 05:01:33 IST 2020,1294416400212271104,NEGATIVE,9423
Sat Aug 15 05:01:30 IST 2020,1294416387432218625,NEUTRAL,8
Sat Aug 15 05:01:28 IST 2020,1294416378783576066,NEUTRAL,19843
Sat Aug 15 05:01:23 IST 2020,1294416359321776128,NEGATIVE,0
Sat Aug 15 05:01:21 IST 2020,1294416347707797505,NEGATIVE,9423
Sat Aug 15 05:01:20 IST 2020,1294416345468149767,NEUTRAL,6
Sat Aug 15 05:01:17 IST 2020,1294416331966746624,NEUTRAL,19843
Sat Aug 15 05:01:12 IST 2020,1294416312630902785,NEUTRAL,0
Sat Aug 15 05:01:09 IST 2020,1294416299578126336,NEGATIVE,9423
Sat Aug 15 05:01:08 IST 2020,1294416296377974784,NEGATIVE,9423
Sat Aug 15 05:01:06 IST 2020,1294416286399836160,NEGATIVE,9423
Sat Aug 15 05:01:05 IST 2020,1294416282339749888,NEGATIVE,9423
Sat Aug 15 05:01:04 IST 2020,1294416279667843073,NEGATIVE,9423
Sat Aug 15 05:01:02 IST 2020,1294416268368449541,NEGATIVE,9423
Sat Aug 15 05:01:01 IST 2020,1294416263972880389,POSITIVE,7
Sat Aug 15 05:00:59 IST 2020,1294416256435728385,NEUTRAL,19843
Sat Aug 15 05:00:57 IST 2020,1294416247778684928,NEUTRAL,19843
Sat Aug 15 05:00:54 IST 2020,1294416237733253120,POSITIVE,0
Sat Aug 15 05:00:53 IST 2020,1294416233241042945,POSITIVE,0
Sat Aug 15 05:00:50 IST 2020,1294416219613925376,NEUTRAL,19843
Sat Aug 15 05:00:48 IST 2020,1294416210994565125,NEUTRAL,19843
Sat Aug 15 05:00:48 IST 2020,1294416210348703744,NEGATIVE,3
Sat Aug 15 05:00:45 IST 2020,1294416200093638658,POSITIVE,1
Sat Aug 15 05:00:43 IST 2020,1294416191231057920,NEUTRAL,19843
Sat Aug 15 05:00:35 IST 2020,1294416157542428679,NEUTRAL,4
Sat Aug 15 05:00:35 IST 2020,1294416157492023297,POSITIVE,0
Sat Aug 15 05:00:33 IST 2020,1294416149397086210,NEUTRAL,19843
Sat Aug 15 05:00:33 IST 2020,1294416146507104259,NEUTRAL,19843
Sat Aug 15 05:00:21 IST 2020,1294416098289496064,NEGATIVE,5
Sat Aug 15 05:00:19 IST 2020,1294416088139268096,NEUTRAL,86
Sat Aug 15 05:00:12 IST 2020,1294416060700131342,NEUTRAL,19843
Sat Aug 15 05:00:12 IST 2020,1294416060062498817,NEUTRAL,19843
Sat Aug 15 05:00:12 IST 2020,1294416058409979911,NEGATIVE,0
Sat Aug 15 05:00:10 IST 2020,1294416053074886661,NEGATIVE,9423
Sat Aug 15 05:00:10 IST 2020,1294416051799826432,NEGATIVE,9423
Sat Aug 15 05:00:10 IST 2020,1294416049933254658,NEUTRAL,31
Sat Aug 15 05:00:08 IST 2020,1294416042014507009,NEUTRAL,1010
Sat Aug 15 05:00:03 IST 2020,1294416023886729216,NEUTRAL,1092
Sat Aug 15 05:00:00 IST 2020,1294416009793683457,NEUTRAL,4
Sat Aug 15 05:00:00 IST 2020,1294416009307226114,NEUTRAL,4
Sat Aug 15 04:59:58 IST 2020,1294416000323026944,NEUTRAL,19843
Sat Aug 15 04:59:58 IST 2020,1294416000239177728,NEUTRAL,0
Sat Aug 15 04:59:52 IST 2020,1294415976566607873,NEGATIVE,9423
Sat Aug 15 04:59:51 IST 2020,1294415970430328832,NEUTRAL,19843
Sat Aug 15 04:59:44 IST 2020,1294415944450744321,NEUTRAL,43
Sat Aug 15 04:59:41 IST 2020,1294415928948666376,NEUTRAL,130
Sat Aug 15 04:59:38 IST 2020,1294415918836187141,POSITIVE,223
Sat Aug 15 04:59:38 IST 2020,1294415917678436353,NEGATIVE,9423
Sat Aug 15 04:59:33 IST 2020,1294415894689480706,NEGATIVE,0
Sat Aug 15 04:59:30 IST 2020,1294415882882625539,NEUTRAL,0
Sat Aug 15 04:59:29 IST 2020,1294415878583394304,NEUTRAL,0
Sat Aug 15 04:59:25 IST 2020,1294415865056825344,NEUTRAL,0
Sat Aug 15 04:59:25 IST 2020,1294415863169286144,NEUTRAL,84
Sat Aug 15 04:59:23 IST 2020,1294415855669796864,NEGATIVE,9423
Sat Aug 15 04:59:22 IST 2020,1294415851823800320,POSITIVE,0
Sat Aug 15 04:59:22 IST 2020,1294415849433030657,NEUTRAL,1
Sat Aug 15 04:59:20 IST 2020,1294415842277494786,NEUTRAL,19843
Sat Aug 15 04:59:19 IST 2020,1294415839156936706,NEUTRAL,0
Sat Aug 15 04:59:19 IST 2020,1294415838221656065,NEGATIVE,9423
Sat Aug 15 04:59:16 IST 2020,1294415823646396423,NEUTRAL,19843
Sat Aug 15 04:59:13 IST 2020,1294415812812394497,NEGATIVE,9423
Sat Aug 15 04:59:12 IST 2020,1294415808114958336,NEUTRAL,1
Sat Aug 15 04:59:08 IST 2020,1294415792910602240,NEGATIVE,9423
Sat Aug 15 04:59:08 IST 2020,1294415790486310912,NEUTRAL,0
Sat Aug 15 04:59:07 IST 2020,1294415786652717057,NEUTRAL,0
Sat Aug 15 04:59:04 IST 2020,1294415775672000517,NEUTRAL,0
Sat Aug 15 04:59:04 IST 2020,1294415773062983681,NEUTRAL,2
Sat Aug 15 04:59:02 IST 2020,1294415767728005120,NEGATIVE,9423
Sat Aug 15 04:59:01 IST 2020,1294415764322230280,NEUTRAL,1
Sat Aug 15 04:59:00 IST 2020,1294415759851098112,NEUTRAL,43
Sat Aug 15 04:59:00 IST 2020,1294415757581967364,NEUTRAL,19843
Sat Aug 15 04:58:59 IST 2020,1294415752481701890,NEUTRAL,69
Sat Aug 15 04:58:58 IST 2020,1294415751248515075,NEUTRAL,832
Sat Aug 15 04:58:50 IST 2020,1294415718230798336,NEGATIVE,16
Sat Aug 15 04:58:50 IST 2020,1294415717933121538,NEUTRAL,1010
Sat Aug 15 04:58:50 IST 2020,1294415717454901248,NEUTRAL,1
Sat Aug 15 04:58:50 IST 2020,1294415716393930768,NEUTRAL,0
Sat Aug 15 04:58:50 IST 2020,1294415715164983304,NEUTRAL,19843
Sat Aug 15 04:58:47 IST 2020,1294415704289157122,POSITIVE,1
Sat Aug 15 04:58:46 IST 2020,1294415697485991936,NEGATIVE,9423
Sat Aug 15 04:58:35 IST 2020,1294415655253483521,NEUTRAL,67
Sat Aug 15 04:58:33 IST 2020,1294415645619060736,NEGATIVE,0
Sat Aug 15 04:58:23 IST 2020,1294415601176399879,NEUTRAL,112
Sat Aug 15 04:58:22 IST 2020,1294415597644783616,NEUTRAL,0
Sat Aug 15 04:58:18 IST 2020,1294415583681929217,NEUTRAL,53
Sat Aug 15 04:58:17 IST 2020,1294415577616850944,NEGATIVE,9423
Sat Aug 15 04:58:16 IST 2020,1294415574186041345,NEUTRAL,19843
Sat Aug 15 04:58:15 IST 2020,1294415570339803142,POSITIVE,0
Sat Aug 15 04:58:12 IST 2020,1294415558163734530,NEUTRAL,64
Sat Aug 15 04:58:03 IST 2020,1294415520758816768,NEGATIVE,9423
Sat Aug 15 04:58:03 IST 2020,1294415518485622785,NEGATIVE,9423
Sat Aug 15 04:58:03 IST 2020,1294415517982306310,NEUTRAL,0
Sat Aug 15 04:58:03 IST 2020,1294415517340463104,NEUTRAL,0
Sat Aug 15 04:58:01 IST 2020,1294415511980212226,NEGATIVE,9423
Sat Aug 15 04:58:00 IST 2020,1294415505575546882,NEUTRAL,2
Sat Aug 15 04:57:59 IST 2020,1294415502220173313,NEUTRAL,19843
Sat Aug 15 04:57:57 IST 2020,1294415494569758721,NEUTRAL,4
Sat Aug 15 04:57:56 IST 2020,1294415490962653191,NEUTRAL,1010
Sat Aug 15 04:57:50 IST 2020,1294415463183720450,NEGATIVE,0
Sat Aug 15 04:57:46 IST 2020,1294415448600129540,POSITIVE,0
Sat Aug 15 04:57:46 IST 2020,1294415448109441025,POSITIVE,223
Sat Aug 15 04:57:42 IST 2020,1294415432145866753,NEGATIVE,9423
Sat Aug 15 04:57:42 IST 2020,1294415429188890624,NEUTRAL,19843
Sat Aug 15 04:57:40 IST 2020,1294415424029888513,NEUTRAL,19843
Sat Aug 15 04:57:38 IST 2020,1294415412717748224,NEUTRAL,3
Sat Aug 15 04:57:33 IST 2020,1294415391863840769,POSITIVE,0
Sat Aug 15 04:57:32 IST 2020,1294415390370672650,NEUTRAL,19843
Sat Aug 15 04:57:31 IST 2020,1294415384762818560,NEUTRAL,0
Sat Aug 15 04:57:30 IST 2020,1294415382586052609,NEGATIVE,9423
Sat Aug 15 04:57:29 IST 2020,1294415374948212737,NEGATIVE,9423
Sat Aug 15 04:57:26 IST 2020,1294415364768632840,POSITIVE,0
Sat Aug 15 04:57:23 IST 2020,1294415350042304512,NEGATIVE,9423
Sat Aug 15 04:57:19 IST 2020,1294415334917550081,POSITIVE,0
Sat Aug 15 04:57:17 IST 2020,1294415328252846080,NEUTRAL,171
Sat Aug 15 04:57:17 IST 2020,1294415325300056065,NEUTRAL,209
Sat Aug 15 04:57:15 IST 2020,1294415318199209985,NEUTRAL,0
Sat Aug 15 04:57:13 IST 2020,1294415310997651456,NEUTRAL,0
Sat Aug 15 04:57:09 IST 2020,1294415292211310594,NEUTRAL,19843
Sat Aug 15 04:57:07 IST 2020,1294415284820799488,NEUTRAL,0
Sat Aug 15 04:57:06 IST 2020,1294415281163386880,POSITIVE,53
Sat Aug 15 04:57:04 IST 2020,1294415273584480256,NEUTRAL,19843
Sat Aug 15 04:57:02 IST 2020,1294415262163312641,NEUTRAL,0
Sat Aug 15 04:57:00 IST 2020,1294415254361976840,NEUTRAL,19843
Sat Aug 15 04:56:59 IST 2020,1294415252608765954,NEUTRAL,19843
Sat Aug 15 04:56:58 IST 2020,1294415244656349185,NEUTRAL,8
Sat Aug 15 04:56:53 IST 2020,1294415226478223361,NEGATIVE,9423
Sat Aug 15 04:56:52 IST 2020,1294415221596008450,NEUTRAL,19843
Sat Aug 15 04:56:50 IST 2020,1294415211986919424,NEUTRAL,19843
Sat Aug 15 04:56:50 IST 2020,1294415211571613698,NEUTRAL,19843
Sat Aug 15 04:56:47 IST 2020,1294415201853472776,NEUTRAL,1
Sat Aug 15 04:56:46 IST 2020,1294415195058712577,NEGATIVE,9423
Sat Aug 15 04:56:45 IST 2020,1294415190201638913,VERY_NEGATIVE,0
Sat Aug 15 04:56:43 IST 2020,1294415184753299456,NEGATIVE,9423
Sat Aug 15 04:56:43 IST 2020,1294415181913587714,NEUTRAL,0
Sat Aug 15 04:56:42 IST 2020,1294415178050789377,NEUTRAL,2
Sat Aug 15 04:56:40 IST 2020,1294415171838971906,NEGATIVE,9423
Sat Aug 15 04:56:38 IST 2020,1294415161869180936,NEGATIVE,9423
Sat Aug 15 04:56:37 IST 2020,1294415156492083202,NEGATIVE,9423
Sat Aug 15 04:56:36 IST 2020,1294415155913207808,NEUTRAL,2
Sat Aug 15 04:56:36 IST 2020,1294415153572839424,NEGATIVE,9423
Sat Aug 15 04:56:35 IST 2020,1294415149097463808,NEGATIVE,9423
Sat Aug 15 04:56:33 IST 2020,1294415143233892352,NEUTRAL,1
Sat Aug 15 04:56:32 IST 2020,1294415138011971584,NEGATIVE,9423
Sat Aug 15 04:56:32 IST 2020,1294415136694788096,POSITIVE,0
Sat Aug 15 04:56:31 IST 2020,1294415133779861504,NEGATIVE,9423
Sat Aug 15 04:56:27 IST 2020,1294415116910448640,NEUTRAL,2
Sat Aug 15 04:56:26 IST 2020,1294415113957576710,NEUTRAL,6
Sat Aug 15 04:56:26 IST 2020,1294415113684803585,NEGATIVE,9423
Sat Aug 15 04:56:25 IST 2020,1294415106365890560,NEGATIVE,9423
Sat Aug 15 04:56:23 IST 2020,1294415101487984640,NEUTRAL,19843
Sat Aug 15 04:56:20 IST 2020,1294415089014116363,NEUTRAL,19843
Sat Aug 15 04:56:20 IST 2020,1294415088720412672,NEUTRAL,1
Sat Aug 15 04:56:20 IST 2020,1294415086065352704,NEGATIVE,0
Sat Aug 15 04:56:18 IST 2020,1294415080164069376,NEUTRAL,19843
Sat Aug 15 04:56:16 IST 2020,1294415069498019840,NEUTRAL,1
Sat Aug 15 04:56:16 IST 2020,1294415068768198662,NEUTRAL,19843
Sat Aug 15 04:56:15 IST 2020,1294415066838626304,NEGATIVE,9423
Sat Aug 15 04:56:15 IST 2020,1294415065597095937,NEUTRAL,0
Sat Aug 15 04:56:15 IST 2020,1294415064208900096,NEUTRAL,3
Sat Aug 15 04:56:13 IST 2020,1294415057938522112,NEGATIVE,16
Sat Aug 15 04:56:12 IST 2020,1294415054314627078,NEGATIVE,9423
Sat Aug 15 04:56:12 IST 2020,1294415053005955076,NEUTRAL,1
Sat Aug 15 04:56:08 IST 2020,1294415038133030912,NEUTRAL,0
Sat Aug 15 04:56:06 IST 2020,1294415027366174720,NEUTRAL,0
Sat Aug 15 04:56:05 IST 2020,1294415023192698880,NEUTRAL,1092
Sat Aug 15 04:56:00 IST 2020,1294415002019995650,NEUTRAL,0
Sat Aug 15 04:55:58 IST 2020,1294414996038918145,NEUTRAL,19843
Sat Aug 15 04:55:58 IST 2020,1294414993811619840,NEUTRAL,86
Sat Aug 15 04:55:54 IST 2020,1294414979097956352,NEGATIVE,9423
Sat Aug 15 04:55:46 IST 2020,1294414942637039616,NEGATIVE,9423
Sat Aug 15 04:55:39 IST 2020,1294414916812541952,NEUTRAL,0
Sat Aug 15 04:55:37 IST 2020,1294414904963866624,NEUTRAL,1
Sat Aug 15 04:55:36 IST 2020,1294414904552763392,NEUTRAL,19843
Sat Aug 15 04:55:36 IST 2020,1294414900618563590,NEGATIVE,0
Sat Aug 15 04:55:35 IST 2020,1294414898588528640,NEUTRAL,152
Sat Aug 15 04:55:32 IST 2020,1294414887674712064,NEGATIVE,0
Sat Aug 15 04:55:31 IST 2020,1294414882071248902,NEGATIVE,16
Sat Aug 15 04:55:26 IST 2020,1294414862429421573,NEUTRAL,0
Sat Aug 15 04:55:26 IST 2020,1294414859321344002,NEUTRAL,86
Sat Aug 15 04:55:18 IST 2020,1294414825569878018,NEGATIVE,0
Sat Aug 15 04:55:12 IST 2020,1294414803369431040,NEGATIVE,9423
Sat Aug 15 04:55:12 IST 2020,1294414802606006274,NEUTRAL,19843
Sat Aug 15 04:55:09 IST 2020,1294414789096153088,NEUTRAL,19843
Sat Aug 15 04:55:05 IST 2020,1294414771614179328,NEGATIVE,9423
Sat Aug 15 04:55:03 IST 2020,1294414764182065163,NEGATIVE,9423
Sat Aug 15 04:55:01 IST 2020,1294414754375753728,NEUTRAL,19843
Sat Aug 15 04:54:59 IST 2020,1294414746821763072,NEGATIVE,1126
Sat Aug 15 04:54:58 IST 2020,1294414742304567298,NEUTRAL,19843
Sat Aug 15 04:54:55 IST 2020,1294414731797843970,NEUTRAL,3
Sat Aug 15 04:54:53 IST 2020,1294414724109656064,NEUTRAL,19843
Sat Aug 15 04:54:51 IST 2020,1294414714772963328,NEUTRAL,0
Sat Aug 15 04:54:49 IST 2020,1294414705763778560,NEUTRAL,19843
Sat Aug 15 04:54:49 IST 2020,1294414705663123457,NEUTRAL,3580
Sat Aug 15 04:54:49 IST 2020,1294414704308191233,NEUTRAL,0
Sat Aug 15 04:54:48 IST 2020,1294414699522674688,NEUTRAL,19843
Sat Aug 15 04:54:44 IST 2020,1294414683148083208,NEUTRAL,0
Sat Aug 15 04:54:40 IST 2020,1294414667910193152,NEUTRAL,3
Sat Aug 15 04:54:37 IST 2020,1294414656895717376,NEGATIVE,0
Sat Aug 15 04:54:35 IST 2020,1294414646972231681,NEGATIVE,9423
Sat Aug 15 04:54:33 IST 2020,1294414639497764864,NEUTRAL,0
Sat Aug 15 04:54:32 IST 2020,1294414633013407744,NEGATIVE,9423
Sat Aug 15 04:54:27 IST 2020,1294414611257712640,NEUTRAL,4
Sat Aug 15 04:54:26 IST 2020,1294414610133524480,NEGATIVE,9423
Sat Aug 15 04:54:23 IST 2020,1294414595243859969,NEGATIVE,9423
Sat Aug 15 04:54:21 IST 2020,1294414589078253570,VERY_NEGATIVE,0
Sat Aug 15 04:54:21 IST 2020,1294414586448433153,NEUTRAL,49
Sat Aug 15 04:54:19 IST 2020,1294414580488314880,NEUTRAL,19843
Sat Aug 15 04:54:16 IST 2020,1294414569113149442,NEGATIVE,9423
Sat Aug 15 04:54:16 IST 2020,1294414568186351617,NEGATIVE,9423
Sat Aug 15 04:54:13 IST 2020,1294414556475854848,NEUTRAL,0
Sat Aug 15 04:54:13 IST 2020,1294414553707667456,POSITIVE,0
Sat Aug 15 04:54:09 IST 2020,1294414537148399616,NEUTRAL,3
Sat Aug 15 04:54:06 IST 2020,1294414526025211910,NEGATIVE,4
Sat Aug 15 04:54:06 IST 2020,1294414524867633152,NEUTRAL,19843
Sat Aug 15 04:54:03 IST 2020,1294414511450062856,NEUTRAL,0
Sat Aug 15 04:54:01 IST 2020,1294414506186088449,NEUTRAL,0
Sat Aug 15 04:54:01 IST 2020,1294414505292845057,NEUTRAL,26
Sat Aug 15 04:54:01 IST 2020,1294414502335832065,NEUTRAL,0
Sat Aug 15 04:53:58 IST 2020,1294414490021355527,POSITIVE,5
Sat Aug 15 04:53:56 IST 2020,1294414482870087681,NEUTRAL,19843
Sat Aug 15 04:53:55 IST 2020,1294414478868586496,NEGATIVE,9423
Sat Aug 15 04:53:54 IST 2020,1294414475525726208,NEUTRAL,0
Sat Aug 15 04:53:51 IST 2020,1294414460904497156,NEUTRAL,0
Sat Aug 15 04:53:44 IST 2020,1294414434107101184,NEUTRAL,8
Sat Aug 15 04:53:42 IST 2020,1294414425215172608,NEUTRAL,0
Sat Aug 15 04:53:36 IST 2020,1294414399025938434,NEGATIVE,9423
Sat Aug 15 04:53:33 IST 2020,1294414388192051201,NEGATIVE,9423
Sat Aug 15 04:53:29 IST 2020,1294414370487898112,NEGATIVE,0
Sat Aug 15 04:53:27 IST 2020,1294414361809698816,NEUTRAL,0
Sat Aug 15 04:53:27 IST 2020,1294414360631181312,NEGATIVE,9423
Sat Aug 15 04:53:26 IST 2020,1294414358957752321,NEUTRAL,0
Sat Aug 15 04:53:22 IST 2020,1294414338892214274,NEUTRAL,16
Sat Aug 15 04:53:19 IST 2020,1294414326900699136,NEUTRAL,19843
Sat Aug 15 04:53:15 IST 2020,1294414311444668417,NEUTRAL,19843
Sat Aug 15 04:53:15 IST 2020,1294414311071215616,NEGATIVE,9423
Sat Aug 15 04:53:13 IST 2020,1294414300782768128,NEUTRAL,0
Sat Aug 15 04:53:10 IST 2020,1294414289718124549,NEUTRAL,19843
Sat Aug 15 04:53:07 IST 2020,1294414275658866689,NEUTRAL,16
Sat Aug 15 04:53:06 IST 2020,1294414273041530882,NEGATIVE,1
Sat Aug 15 04:53:03 IST 2020,1294414261398142978,NEUTRAL,329
Sat Aug 15 04:53:00 IST 2020,1294414248882450434,NEUTRAL,74
Sat Aug 15 04:52:57 IST 2020,1294414233954746368,NEGATIVE,9423
Sat Aug 15 04:52:56 IST 2020,1294414229513146368,NEUTRAL,35
Sat Aug 15 04:52:55 IST 2020,1294414226426146816,NEGATIVE,9423
Sat Aug 15 04:52:52 IST 2020,1294414213193007104,NEUTRAL,3
Sat Aug 15 04:52:52 IST 2020,1294414212941348865,NEUTRAL,1
Sat Aug 15 04:52:51 IST 2020,1294414211293032452,POSITIVE,0
Sat Aug 15 04:52:46 IST 2020,1294414191307247616,POSITIVE,1
Sat Aug 15 04:52:45 IST 2020,1294414183778287616,POSITIVE,0
Sat Aug 15 04:52:44 IST 2020,1294414180401868800,NEGATIVE,9423
Sat Aug 15 04:52:40 IST 2020,1294414163335405568,NEGATIVE,0
Sat Aug 15 04:52:35 IST 2020,1294414144096153606,NEUTRAL,209
Sat Aug 15 04:52:34 IST 2020,1294414140077944832,NEGATIVE,9423
Sat Aug 15 04:52:34 IST 2020,1294414137703804934,NEGATIVE,9423
Sat Aug 15 04:52:29 IST 2020,1294414116711542784,NEGATIVE,9423
Sat Aug 15 04:52:28 IST 2020,1294414115423883265,NEUTRAL,6
Sat Aug 15 04:52:25 IST 2020,1294414102916476929,NEUTRAL,19843
Sat Aug 15 04:52:23 IST 2020,1294414093785477126,NEUTRAL,0
Sat Aug 15 04:52:23 IST 2020,1294414093579821056,NEGATIVE,9423
Sat Aug 15 04:52:23 IST 2020,1294414092472651776,NEUTRAL,0
Sat Aug 15 04:52:21 IST 2020,1294414084478242816,NEUTRAL,19843
Sat Aug 15 04:52:15 IST 2020,1294414059362824195,POSITIVE,0
Sat Aug 15 04:52:15 IST 2020,1294414058339184642,NEGATIVE,9423
Sat Aug 15 04:52:14 IST 2020,1294414056321933312,NEUTRAL,19843
Sat Aug 15 04:52:13 IST 2020,1294414052656066562,NEGATIVE,9423
Sat Aug 15 04:52:12 IST 2020,1294414049028059137,NEUTRAL,19843
Sat Aug 15 04:52:12 IST 2020,1294414046091935747,NEUTRAL,74
Sat Aug 15 04:52:10 IST 2020,1294414036541603855,NEGATIVE,0
Sat Aug 15 04:52:08 IST 2020,1294414028278833164,NEUTRAL,0
Sat Aug 15 04:52:05 IST 2020,1294414018589974534,NEGATIVE,0
Sat Aug 15 04:52:04 IST 2020,1294414015280623616,NEUTRAL,19843
Sat Aug 15 04:52:03 IST 2020,1294414010125819911,NEUTRAL,10
Sat Aug 15 04:52:02 IST 2020,1294414003779903491,NEGATIVE,4
Sat Aug 15 04:51:58 IST 2020,1294413989615730688,NEUTRAL,110
Sat Aug 15 04:51:57 IST 2020,1294413983441661954,NEUTRAL,19843
Sat Aug 15 04:51:55 IST 2020,1294413976093196290,NEUTRAL,0
Sat Aug 15 04:51:50 IST 2020,1294413953791975424,NEUTRAL,1092
Sat Aug 15 04:51:45 IST 2020,1294413934640824320,NEGATIVE,74
Sat Aug 15 04:51:43 IST 2020,1294413926453608449,NEUTRAL,6
Sat Aug 15 04:51:40 IST 2020,1294413911291240454,NEGATIVE,9423
Sat Aug 15 04:51:38 IST 2020,1294413902881722375,NEGATIVE,9423
Sat Aug 15 04:51:36 IST 2020,1294413894136389632,NEUTRAL,0
Sat Aug 15 04:51:33 IST 2020,1294413882786750464,NEUTRAL,19843
Sat Aug 15 04:51:33 IST 2020,1294413882111356930,NEUTRAL,0
Sat Aug 15 04:51:29 IST 2020,1294413868437995522,NEUTRAL,0
Sat Aug 15 04:51:25 IST 2020,1294413849718935554,NEUTRAL,14
Sat Aug 15 04:51:23 IST 2020,1294413839568646144,NEGATIVE,9423
Sat Aug 15 04:51:18 IST 2020,1294413820807479303,NEUTRAL,1010
Sat Aug 15 04:51:06 IST 2020,1294413770186350593,NEUTRAL,3
Sat Aug 15 04:51:01 IST 2020,1294413751144394752,NEUTRAL,154
Sat Aug 15 04:51:01 IST 2020,1294413748795576321,NEUTRAL,0
Sat Aug 15 04:50:59 IST 2020,1294413741564411904,NEGATIVE,9423
Sat Aug 15 04:50:55 IST 2020,1294413725831778304,NEGATIVE,9423
Sat Aug 15 04:50:52 IST 2020,1294413712804151297,NEUTRAL,75
Sat Aug 15 04:50:52 IST 2020,1294413710870675456,POSITIVE,1
Sat Aug 15 04:50:45 IST 2020,1294413682743664646,NEUTRAL,59
Sat Aug 15 04:50:43 IST 2020,1294413674975604738,POSITIVE,223
Sat Aug 15 04:50:41 IST 2020,1294413663936356355,NEGATIVE,9423
Sat Aug 15 04:50:36 IST 2020,1294413645737230336,NEUTRAL,0
Sat Aug 15 04:50:35 IST 2020,1294413641769455616,NEUTRAL,1
Sat Aug 15 04:50:34 IST 2020,1294413635020902401,NEUTRAL,19843
Sat Aug 15 04:50:30 IST 2020,1294413618608345088,NEGATIVE,9423
Sat Aug 15 04:50:29 IST 2020,1294413614804275200,NEGATIVE,0
Sat Aug 15 04:50:29 IST 2020,1294413613294399488,NEUTRAL,19843
Sat Aug 15 04:50:28 IST 2020,1294413611742371840,NEUTRAL,1
Sat Aug 15 04:50:21 IST 2020,1294413581916819459,NEUTRAL,0
Sat Aug 15 04:50:20 IST 2020,1294413576208371713,NEUTRAL,0
Sat Aug 15 04:50:18 IST 2020,1294413568528572416,NEGATIVE,74
Sat Aug 15 04:50:16 IST 2020,1294413559716368384,NEUTRAL,6
Sat Aug 15 04:50:12 IST 2020,1294413543505158146,NEUTRAL,0
Sat Aug 15 04:50:12 IST 2020,1294413541731172353,NEUTRAL,19843
Sat Aug 15 04:50:07 IST 2020,1294413524022722562,NEUTRAL,19843
Sat Aug 15 04:50:06 IST 2020,1294413518582591488,POSITIVE,1
Sat Aug 15 04:50:04 IST 2020,1294413510626213888,NEUTRAL,19843
Sat Aug 15 04:50:03 IST 2020,1294413507413377024,NEUTRAL,0
Sat Aug 15 04:50:03 IST 2020,1294413504804528129,NEUTRAL,0
Sat Aug 15 04:50:01 IST 2020,1294413495870660608,NEGATIVE,9423
Sat Aug 15 04:50:00 IST 2020,1294413494645792768,NEUTRAL,5
Sat Aug 15 04:49:58 IST 2020,1294413486303449091,NEGATIVE,9423
Sat Aug 15 04:49:54 IST 2020,1294413466095112193,NEGATIVE,9423
Sat Aug 15 04:49:53 IST 2020,1294413464136372225,NEUTRAL,2
Sat Aug 15 04:49:51 IST 2020,1294413454883917824,NEGATIVE,0
Sat Aug 15 04:49:50 IST 2020,1294413451687796736,NEUTRAL,0
Sat Aug 15 04:49:47 IST 2020,1294413437859241985,NEUTRAL,0
Sat Aug 15 04:49:36 IST 2020,1294413393999220736,NEGATIVE,0
Sat Aug 15 04:49:27 IST 2020,1294413356200333315,NEUTRAL,19843
Sat Aug 15 04:49:25 IST 2020,1294413348528959488,NEUTRAL,0
Sat Aug 15 04:49:24 IST 2020,1294413342346534913,NEUTRAL,3
Sat Aug 15 04:49:24 IST 2020,1294413341197103104,POSITIVE,0
Sat Aug 15 04:49:22 IST 2020,1294413333651759113,NEUTRAL,0
Sat Aug 15 04:49:17 IST 2020,1294413312499884034,NEUTRAL,19843
Sat Aug 15 04:49:13 IST 2020,1294413297559785472,NEUTRAL,6
Sat Aug 15 04:49:12 IST 2020,1294413292543205377,NEGATIVE,9423
Sat Aug 15 04:49:09 IST 2020,1294413279503118336,NEUTRAL,152
Sat Aug 15 04:49:09 IST 2020,1294413279058636805,NEUTRAL,19843
Sat Aug 15 04:49:05 IST 2020,1294413261216067586,NEGATIVE,9423
Sat Aug 15 04:49:03 IST 2020,1294413253754355712,NEUTRAL,1
Sat Aug 15 04:49:02 IST 2020,1294413248327036935,NEUTRAL,19843
Sat Aug 15 04:49:02 IST 2020,1294413248020844547,NEUTRAL,19843
Sat Aug 15 04:49:00 IST 2020,1294413242345889794,NEUTRAL,0
Sat Aug 15 04:49:00 IST 2020,1294413241762942976,NEUTRAL,0
Sat Aug 15 04:49:00 IST 2020,1294413241402228736,NEUTRAL,19843
Sat Aug 15 04:49:00 IST 2020,1294413240919896064,NEUTRAL,8
Sat Aug 15 04:48:59 IST 2020,1294413238969479173,NEUTRAL,1010
Sat Aug 15 04:48:47 IST 2020,1294413186125438978,NEUTRAL,112
Sat Aug 15 04:48:46 IST 2020,1294413183910912007,NEUTRAL,0
Sat Aug 15 04:48:42 IST 2020,1294413164386418689,NEGATIVE,9423
Sat Aug 15 04:48:40 IST 2020,1294413158107492352,NEUTRAL,0
Sat Aug 15 04:48:36 IST 2020,1294413142097682432,NEGATIVE,9423
Sat Aug 15 04:48:35 IST 2020,1294413136611680257,NEUTRAL,0
Sat Aug 15 04:48:31 IST 2020,1294413121508061186,NEUTRAL,0
Sat Aug 15 04:48:30 IST 2020,1294413115111739394,NEUTRAL,19843
Sat Aug 15 04:48:29 IST 2020,1294413112309772289,NEGATIVE,0
Sat Aug 15 04:48:29 IST 2020,1294413112003702786,NEUTRAL,7
Sat Aug 15 04:48:29 IST 2020,1294413109776572424,POSITIVE,0
Sat Aug 15 04:48:28 IST 2020,1294413108870602753,NEUTRAL,0
Sat Aug 15 04:48:25 IST 2020,1294413095776002050,NEUTRAL,19843
Sat Aug 15 04:48:22 IST 2020,1294413084103122944,NEUTRAL,86
Sat Aug 15 04:48:20 IST 2020,1294413072728285190,NEUTRAL,329
Sat Aug 15 04:48:17 IST 2020,1294413062628356104,NEUTRAL,0
Sat Aug 15 04:48:17 IST 2020,1294413059553996800,NEGATIVE,9423
Sat Aug 15 04:48:15 IST 2020,1294413052243312646,NEUTRAL,0
Sat Aug 15 04:48:12 IST 2020,1294413042315218950,NEGATIVE,9423
Sat Aug 15 04:48:10 IST 2020,1294413031221469185,VERY_NEGATIVE,0
Sat Aug 15 04:48:08 IST 2020,1294413023931699203,NEUTRAL,293
Sat Aug 15 04:48:05 IST 2020,1294413009918599181,NEUTRAL,0
Sat Aug 15 04:48:04 IST 2020,1294413005912977411,NEUTRAL,67
Sat Aug 15 04:48:02 IST 2020,1294412999386685441,NEGATIVE,12
Sat Aug 15 04:48:01 IST 2020,1294412992696578048,NEUTRAL,0
Sat Aug 15 04:47:57 IST 2020,1294412976699707394,NEUTRAL,0
Sat Aug 15 04:47:56 IST 2020,1294412974753546241,NEUTRAL,1092
Sat Aug 15 04:47:49 IST 2020,1294412944399376390,NEUTRAL,19843
Sat Aug 15 04:47:43 IST 2020,1294412917987848192,NEGATIVE,9423
Sat Aug 15 04:47:40 IST 2020,1294412905186828288,NEUTRAL,19843
Sat Aug 15 04:47:38 IST 2020,1294412899666948096,NEGATIVE,9423
Sat Aug 15 04:47:37 IST 2020,1294412894713585669,NEUTRAL,329
Sat Aug 15 04:47:35 IST 2020,1294412884210925568,NEUTRAL,26
Sat Aug 15 04:47:34 IST 2020,1294412880213757953,NEUTRAL,19843
Sat Aug 15 04:47:32 IST 2020,1294412873721155584,NEUTRAL,19843
Sat Aug 15 04:47:32 IST 2020,1294412872810762241,NEUTRAL,2
Sat Aug 15 04:47:28 IST 2020,1294412857346600960,NEGATIVE,0
Sat Aug 15 04:47:27 IST 2020,1294412851264786432,NEUTRAL,1
Sat Aug 15 04:47:26 IST 2020,1294412847531692032,NEUTRAL,4
Sat Aug 15 04:47:25 IST 2020,1294412842398027782,NEGATIVE,9423
Sat Aug 15 04:47:23 IST 2020,1294412835078975488,NEUTRAL,329
Sat Aug 15 04:47:22 IST 2020,1294412829672583169,NEGATIVE,9423
Sat Aug 15 04:47:20 IST 2020,1294412823787839488,NEUTRAL,24
Sat Aug 15 04:47:18 IST 2020,1294412815827181572,POSITIVE,0
Sat Aug 15 04:47:18 IST 2020,1294412813113405441,NEUTRAL,64
Sat Aug 15 04:47:17 IST 2020,1294412807824343045,NEGATIVE,9423
Sat Aug 15 04:47:17 IST 2020,1294412807589359616,POSITIVE,223
Sat Aug 15 04:47:16 IST 2020,1294412804280258566,NEGATIVE,9423
Sat Aug 15 04:47:15 IST 2020,1294412801721630721,NEUTRAL,19843
Sat Aug 15 04:47:13 IST 2020,1294412794553683968,NEGATIVE,0
Sat Aug 15 04:47:11 IST 2020,1294412783782592512,NEGATIVE,1
Sat Aug 15 04:47:08 IST 2020,1294412772390952960,NEUTRAL,19843
Sat Aug 15 04:47:06 IST 2020,1294412763075358720,NEUTRAL,0
Sat Aug 15 04:47:00 IST 2020,1294412738194747392,NEUTRAL,1
Sat Aug 15 04:46:58 IST 2020,1294412731383189504,NEUTRAL,19843
Sat Aug 15 04:46:58 IST 2020,1294412729969782786,NEUTRAL,46
Sat Aug 15 04:46:56 IST 2020,1294412722604576768,NEGATIVE,9423
Sat Aug 15 04:46:56 IST 2020,1294412722478735362,NEUTRAL,0
Sat Aug 15 04:46:55 IST 2020,1294412717986652160,POSITIVE,1
Sat Aug 15 04:46:55 IST 2020,1294412717797838857,POSITIVE,0
Sat Aug 15 04:46:53 IST 2020,1294412707333050373,NEUTRAL,2
Sat Aug 15 04:46:49 IST 2020,1294412692174917632,NEUTRAL,0
Sat Aug 15 04:46:48 IST 2020,1294412687598931971,NEGATIVE,9423
Sat Aug 15 04:46:35 IST 2020,1294412632984702976,NEGATIVE,9423
Sat Aug 15 04:46:35 IST 2020,1294412631504113664,NEGATIVE,9423
Sat Aug 15 04:46:32 IST 2020,1294412622536699904,NEUTRAL,0
Sat Aug 15 04:46:29 IST 2020,1294412607798083585,NEUTRAL,0
Sat Aug 15 04:46:27 IST 2020,1294412601342849025,NEUTRAL,19
Sat Aug 15 04:46:27 IST 2020,1294412599992483840,NEUTRAL,0
Sat Aug 15 04:46:27 IST 2020,1294412599233327104,NEUTRAL,19843
Sat Aug 15 04:46:24 IST 2020,1294412587799580673,NEUTRAL,35
Sat Aug 15 04:46:21 IST 2020,1294412574893715456,NEUTRAL,19843
Sat Aug 15 04:46:21 IST 2020,1294412574335721472,VERY_NEGATIVE,0
Sat Aug 15 04:46:20 IST 2020,1294412571114704896,NEGATIVE,9423
Sat Aug 15 04:46:15 IST 2020,1294412549874692096,NEUTRAL,0
Sat Aug 15 04:46:09 IST 2020,1294412522599178240,NEUTRAL,0
Sat Aug 15 04:46:01 IST 2020,1294412491917873153,NEGATIVE,16
Sat Aug 15 04:46:00 IST 2020,1294412487174103042,NEUTRAL,1
Sat Aug 15 04:45:57 IST 2020,1294412475992088577,NEGATIVE,0
Sat Aug 15 04:45:57 IST 2020,1294412473387425792,NEUTRAL,1010
Sat Aug 15 04:45:55 IST 2020,1294412467540566016,NEUTRAL,1
Sat Aug 15 04:45:54 IST 2020,1294412461542502401,NEGATIVE,9423
Sat Aug 15 04:45:53 IST 2020,1294412455741992960,NEUTRAL,30
Sat Aug 15 04:45:52 IST 2020,1294412451300159488,POSITIVE,223
Sat Aug 15 04:45:48 IST 2020,1294412436494331910,NEUTRAL,0
Sat Aug 15 04:45:45 IST 2020,1294412423475200001,NEGATIVE,9423
Sat Aug 15 04:45:42 IST 2020,1294412412381040642,NEGATIVE,9423
Sat Aug 15 04:45:37 IST 2020,1294412388247232514,NEUTRAL,0
Sat Aug 15 04:45:31 IST 2020,1294412363492335616,NEGATIVE,12
Sat Aug 15 04:45:30 IST 2020,1294412360720031752,NEUTRAL,0
Sat Aug 15 04:45:29 IST 2020,1294412358178050048,NEGATIVE,0
Sat Aug 15 04:45:29 IST 2020,1294412356995420161,POSITIVE,0
Sat Aug 15 04:45:28 IST 2020,1294412352763375617,NEUTRAL,1
Sat Aug 15 04:45:26 IST 2020,1294412342806151174,NEUTRAL,19843
Sat Aug 15 04:45:24 IST 2020,1294412334698500097,NEUTRAL,0
Sat Aug 15 04:45:24 IST 2020,1294412334635646986,NEGATIVE,1827
Sat Aug 15 04:45:20 IST 2020,1294412319875883009,NEGATIVE,0
Sat Aug 15 04:45:20 IST 2020,1294412319053582336,NEGATIVE,9423
Sat Aug 15 04:45:16 IST 2020,1294412300716187648,NEUTRAL,0
Sat Aug 15 04:45:15 IST 2020,1294412299835289601,VERY_NEGATIVE,0
Sat Aug 15 04:45:14 IST 2020,1294412294076604416,NEUTRAL,329
Sat Aug 15 04:45:13 IST 2020,1294412291618865153,NEGATIVE,9423
Sat Aug 15 04:45:13 IST 2020,1294412289223929863,NEUTRAL,19843
Sat Aug 15 04:45:11 IST 2020,1294412282630479873,NEUTRAL,0
Sat Aug 15 04:45:06 IST 2020,1294412261595975680,NEUTRAL,19843
Sat Aug 15 04:45:02 IST 2020,1294412242356785155,NEGATIVE,9423
Sat Aug 15 04:45:01 IST 2020,1294412241081704448,NEUTRAL,19843
Sat Aug 15 04:45:00 IST 2020,1294412234714746886,NEUTRAL,0
Sat Aug 15 04:44:55 IST 2020,1294412215143940096,NEUTRAL,19843
Sat Aug 15 04:44:51 IST 2020,1294412195615440896,NEUTRAL,0
Sat Aug 15 04:44:47 IST 2020,1294412179421233152,NEUTRAL,1010
Sat Aug 15 04:44:41 IST 2020,1294412155576561664,NEUTRAL,46
Sat Aug 15 04:44:41 IST 2020,1294412153965776897,NEGATIVE,0
Sat Aug 15 04:44:40 IST 2020,1294412150937714700,POSITIVE,0
Sat Aug 15 04:44:40 IST 2020,1294412149197025287,NEUTRAL,19843
Sat Aug 15 04:44:38 IST 2020,1294412142762844160,POSITIVE,223
Sat Aug 15 04:44:36 IST 2020,1294412132310605826,POSITIVE,4
Sat Aug 15 04:44:31 IST 2020,1294412114103349248,NEUTRAL,0
Sat Aug 15 04:44:31 IST 2020,1294412112375283714,NEUTRAL,19843
Sat Aug 15 04:44:31 IST 2020,1294412111909715969,NEUTRAL,1
Sat Aug 15 04:44:30 IST 2020,1294412110726823936,NEGATIVE,0
Sat Aug 15 04:44:28 IST 2020,1294412100152983552,NEUTRAL,86
Sat Aug 15 04:44:27 IST 2020,1294412098173313025,NEGATIVE,9423
Sat Aug 15 04:44:26 IST 2020,1294412094083801090,NEUTRAL,0
Sat Aug 15 04:44:23 IST 2020,1294412081333141504,NEUTRAL,0
Sat Aug 15 04:44:20 IST 2020,1294412065709404163,NEUTRAL,19843
Sat Aug 15 04:44:18 IST 2020,1294412059854221312,NEUTRAL,0
Sat Aug 15 04:44:17 IST 2020,1294412055999651845,NEUTRAL,48
Sat Aug 15 04:44:16 IST 2020,1294412051369033731,NEUTRAL,1010
Sat Aug 15 04:44:15 IST 2020,1294412046797283330,NEUTRAL,0
Sat Aug 15 04:44:13 IST 2020,1294412037565685761,NEUTRAL,75
Sat Aug 15 04:44:10 IST 2020,1294412025435762688,NEUTRAL,19843
Sat Aug 15 04:44:09 IST 2020,1294412019601465348,NEUTRAL,0
Sat Aug 15 04:44:04 IST 2020,1294411999934283776,NEUTRAL,0
Sat Aug 15 04:44:02 IST 2020,1294411992955080708,NEGATIVE,0
Sat Aug 15 04:44:02 IST 2020,1294411992824860672,NEGATIVE,0
Sat Aug 15 04:44:02 IST 2020,1294411990660718593,NEUTRAL,32
Sat Aug 15 04:44:00 IST 2020,1294411981697347584,NEUTRAL,0
Sat Aug 15 04:43:58 IST 2020,1294411975393411076,NEUTRAL,0
Sat Aug 15 04:43:55 IST 2020,1294411962688864257,NEUTRAL,19843
Sat Aug 15 04:43:53 IST 2020,1294411955365650433,NEUTRAL,19843
Sat Aug 15 04:43:52 IST 2020,1294411948268953606,NEGATIVE,9423
Sat Aug 15 04:43:52 IST 2020,1294411947799195651,NEUTRAL,0
Sat Aug 15 04:43:49 IST 2020,1294411936604360705,POSITIVE,0
Sat Aug 15 04:43:46 IST 2020,1294411924059435010,POSITIVE,0
Sat Aug 15 04:43:43 IST 2020,1294411911178551297,NEGATIVE,0
Sat Aug 15 04:43:42 IST 2020,1294411909064806400,NEUTRAL,0
Sat Aug 15 04:43:40 IST 2020,1294411899216437248,NEGATIVE,9423
Sat Aug 15 04:43:37 IST 2020,1294411887975825414,NEGATIVE,0
Sat Aug 15 04:43:32 IST 2020,1294411867964624896,NEUTRAL,0
Sat Aug 15 04:43:30 IST 2020,1294411856669372416,NEGATIVE,9423
Sat Aug 15 04:43:29 IST 2020,1294411854307942400,NEUTRAL,1
Sat Aug 15 04:43:29 IST 2020,1294411852143890434,NEUTRAL,0
Sat Aug 15 04:43:28 IST 2020,1294411850918969345,NEUTRAL,0
Sat Aug 15 04:43:26 IST 2020,1294411842379329536,NEUTRAL,1
Sat Aug 15 04:43:26 IST 2020,1294411840605138944,NEGATIVE,9423
Sat Aug 15 04:43:24 IST 2020,1294411831730212864,NEUTRAL,19843
Sat Aug 15 04:43:24 IST 2020,1294411830761332736,NEUTRAL,19843
Sat Aug 15 04:43:23 IST 2020,1294411829314064384,POSITIVE,4
Sat Aug 15 04:43:21 IST 2020,1294411820996984832,NEUTRAL,0
Sat Aug 15 04:43:21 IST 2020,1294411819235201024,NEUTRAL,171
Sat Aug 15 04:43:16 IST 2020,1294411800385998848,NEUTRAL,2
Sat Aug 15 04:43:16 IST 2020,1294411797722804229,NEGATIVE,0
Sat Aug 15 04:43:16 IST 2020,1294411797009661953,NEGATIVE,0
Sat Aug 15 04:43:14 IST 2020,1294411792072966144,NEUTRAL,4
Sat Aug 15 04:43:12 IST 2020,1294411783617249280,NEUTRAL,2
Sat Aug 15 04:43:09 IST 2020,1294411770346561537,NEGATIVE,9423
Sat Aug 15 04:43:07 IST 2020,1294411763098804232,NEUTRAL,19843
Sat Aug 15 04:43:07 IST 2020,1294411759680466951,NEUTRAL,0
Sat Aug 15 04:43:04 IST 2020,1294411749207224323,NEUTRAL,19843
Sat Aug 15 04:43:04 IST 2020,1294411747248537603,NEUTRAL,19843
Sat Aug 15 04:43:01 IST 2020,1294411737383411712,NEUTRAL,2
Sat Aug 15 04:43:01 IST 2020,1294411737014448128,NEUTRAL,19843
Sat Aug 15 04:42:59 IST 2020,1294411725899534337,NEGATIVE,9423
Sat Aug 15 04:42:57 IST 2020,1294411717347246080,NEUTRAL,19843
Sat Aug 15 04:42:54 IST 2020,1294411706219757573,NEUTRAL,0
Sat Aug 15 04:42:52 IST 2020,1294411697172688896,NEUTRAL,19843
Sat Aug 15 04:42:50 IST 2020,1294411690222784514,NEUTRAL,1010
Sat Aug 15 04:42:47 IST 2020,1294411676704542724,NEGATIVE,0
Sat Aug 15 04:42:44 IST 2020,1294411664285028353,NEGATIVE,9423
Sat Aug 15 04:42:43 IST 2020,1294411658916433926,NEUTRAL,0
Sat Aug 15 04:42:40 IST 2020,1294411649286316039,NEGATIVE,9423
Sat Aug 15 04:42:40 IST 2020,1294411648619278336,NEUTRAL,0
Sat Aug 15 04:42:40 IST 2020,1294411645859631109,POSITIVE,0
Sat Aug 15 04:42:35 IST 2020,1294411624942624769,NEGATIVE,0
Sat Aug 15 04:42:34 IST 2020,1294411621779951616,NEUTRAL,34
Sat Aug 15 04:42:33 IST 2020,1294411617082306561,NEUTRAL,0
Sat Aug 15 04:42:32 IST 2020,1294411616218427392,NEUTRAL,0
Sat Aug 15 04:42:31 IST 2020,1294411611906637827,NEUTRAL,0
Sat Aug 15 04:42:31 IST 2020,1294411609662783493,NEGATIVE,9423
Sat Aug 15 04:42:31 IST 2020,1294411609310470150,NEUTRAL,0
Sat Aug 15 04:42:27 IST 2020,1294411594106101760,NEUTRAL,19843
Sat Aug 15 04:42:25 IST 2020,1294411586556354561,NEUTRAL,0
Sat Aug 15 04:42:25 IST 2020,1294411585243328512,NEUTRAL,135
Sat Aug 15 04:42:17 IST 2020,1294411550397267970,NEGATIVE,36
Sat Aug 15 04:42:16 IST 2020,1294411546110525441,NEUTRAL,0
Sat Aug 15 04:42:15 IST 2020,1294411543606697985,POSITIVE,0
Sat Aug 15 04:42:14 IST 2020,1294411539743756298,NEGATIVE,0
Sat Aug 15 04:42:14 IST 2020,1294411537327763456,NEUTRAL,329
Sat Aug 15 04:42:06 IST 2020,1294411506101235719,NEUTRAL,19843
Sat Aug 15 04:42:06 IST 2020,1294411505895641088,NEGATIVE,196
Sat Aug 15 04:42:06 IST 2020,1294411505325178881,NEGATIVE,9423
Sat Aug 15 04:42:03 IST 2020,1294411492415229954,NEUTRAL,19843
Sat Aug 15 04:42:01 IST 2020,1294411485314244610,NEUTRAL,0
Sat Aug 15 04:42:01 IST 2020,1294411485276303361,NEGATIVE,9423
Sat Aug 15 04:42:01 IST 2020,1294411485020598276,NEGATIVE,9423
Sat Aug 15 04:41:53 IST 2020,1294411451151593472,POSITIVE,0
Sat Aug 15 04:41:49 IST 2020,1294411432281493505,NEUTRAL,1
Sat Aug 15 04:41:47 IST 2020,1294411426828881924,NEGATIVE,196
Sat Aug 15 04:41:45 IST 2020,1294411415059673088,NEUTRAL,19843
Sat Aug 15 04:41:44 IST 2020,1294411411448139778,NEGATIVE,0
Sat Aug 15 04:41:38 IST 2020,1294411387205111809,NEGATIVE,9423
Sat Aug 15 04:41:33 IST 2020,1294411365675868161,NEUTRAL,19843
Sat Aug 15 04:41:32 IST 2020,1294411361179459584,NEGATIVE,9423
Sat Aug 15 04:41:30 IST 2020,1294411354493706240,NEUTRAL,15
Sat Aug 15 04:41:30 IST 2020,1294411352879124487,NEUTRAL,19843
Sat Aug 15 04:41:25 IST 2020,1294411335040557057,NEUTRAL,0
Sat Aug 15 04:41:25 IST 2020,1294411333337636864,NEGATIVE,12
Sat Aug 15 04:41:24 IST 2020,1294411329034387456,NEGATIVE,196
Sat Aug 15 04:41:23 IST 2020,1294411324924067840,NEUTRAL,0
Sat Aug 15 04:41:18 IST 2020,1294411302731907072,NEUTRAL,293
Sat Aug 15 04:41:17 IST 2020,1294411299015790621,POSITIVE,3
Sat Aug 15 04:41:15 IST 2020,1294411292854366214,NEUTRAL,0
Sat Aug 15 04:41:15 IST 2020,1294411292355244032,NEUTRAL,34
Sat Aug 15 04:41:11 IST 2020,1294411274198155274,NEUTRAL,0
Sat Aug 15 04:41:01 IST 2020,1294411233479852039,POSITIVE,0
Sat Aug 15 04:41:00 IST 2020,1294411226479570944,NEUTRAL,0
Sat Aug 15 04:40:57 IST 2020,1294411214345383943,NEUTRAL,8
Sat Aug 15 04:40:56 IST 2020,1294411211090604034,NEUTRAL,15
Sat Aug 15 04:40:56 IST 2020,1294411210797056000,NEUTRAL,329
Sat Aug 15 04:40:54 IST 2020,1294411205096873984,NEGATIVE,9423
Sat Aug 15 04:40:49 IST 2020,1294411183068532736,NEUTRAL,15
Sat Aug 15 04:40:48 IST 2020,1294411177267621888,NEUTRAL,0
Sat Aug 15 04:40:47 IST 2020,1294411172184231936,NEUTRAL,0
Sat Aug 15 04:40:45 IST 2020,1294411165779529729,POSITIVE,0
Sat Aug 15 04:40:45 IST 2020,1294411165536260097,NEUTRAL,0
Sat Aug 15 04:40:42 IST 2020,1294411154085818371,NEGATIVE,9423
Sat Aug 15 04:40:42 IST 2020,1294411153951600640,NEUTRAL,0
Sat Aug 15 04:40:42 IST 2020,1294411152622063623,NEUTRAL,0
Sat Aug 15 04:40:41 IST 2020,1294411146833821697,NEUTRAL,19843
Sat Aug 15 04:40:39 IST 2020,1294411138860539905,NEUTRAL,8
Sat Aug 15 04:40:36 IST 2020,1294411129477894144,NEUTRAL,48
Sat Aug 15 04:40:36 IST 2020,1294411127435165696,NEUTRAL,19843
Sat Aug 15 04:40:34 IST 2020,1294411117234618368,NEGATIVE,9423
Sat Aug 15 04:40:31 IST 2020,1294411105469706241,NEUTRAL,19843
Sat Aug 15 04:40:30 IST 2020,1294411100591538176,NEUTRAL,0
Sat Aug 15 04:40:27 IST 2020,1294411090139451399,NEUTRAL,1
Sat Aug 15 04:40:27 IST 2020,1294411088059150337,NEGATIVE,9423
Sat Aug 15 04:40:26 IST 2020,1294411084204572675,NEUTRAL,152
Sat Aug 15 04:40:20 IST 2020,1294411061022666757,NEGATIVE,12
Sat Aug 15 04:40:19 IST 2020,1294411055628726272,NEGATIVE,9423
Sat Aug 15 04:40:17 IST 2020,1294411047747624961,NEGATIVE,9423
Sat Aug 15 04:40:14 IST 2020,1294411035277963274,NEUTRAL,0
Sat Aug 15 04:40:14 IST 2020,1294411034506272776,NEGATIVE,9423
Sat Aug 15 04:40:13 IST 2020,1294411031830237184,NEGATIVE,9423
Sat Aug 15 04:40:08 IST 2020,1294411010103599105,NEGATIVE,9423
Sat Aug 15 04:40:07 IST 2020,1294411005817237504,NEUTRAL,0
Sat Aug 15 04:40:07 IST 2020,1294411005305540610,NEGATIVE,0
Sat Aug 15 04:40:06 IST 2020,1294411002927251458,POSITIVE,0
Sat Aug 15 04:40:03 IST 2020,1294410991309135874,NEUTRAL,19843
Sat Aug 15 04:40:03 IST 2020,1294410989711106050,NEUTRAL,1010
Sat Aug 15 04:40:02 IST 2020,1294410985680146432,NEUTRAL,11
Sat Aug 15 04:40:00 IST 2020,1294410977295904768,NEUTRAL,3
Sat Aug 15 04:39:57 IST 2020,1294410963731480583,NEGATIVE,9423
Sat Aug 15 04:39:56 IST 2020,1294410961307262976,NEUTRAL,19843
Sat Aug 15 04:39:56 IST 2020,1294410959159689217,NEUTRAL,1010
Sat Aug 15 04:39:54 IST 2020,1294410952134332416,NEUTRAL,19843
Sat Aug 15 04:39:46 IST 2020,1294410918265270273,NEGATIVE,0
Sat Aug 15 04:39:46 IST 2020,1294410916260384770,NEUTRAL,19843
Sat Aug 15 04:39:45 IST 2020,1294410915375349761,POSITIVE,1
Sat Aug 15 04:39:44 IST 2020,1294410910954655744,NEUTRAL,19843
Sat Aug 15 04:39:44 IST 2020,1294410908769251329,NEGATIVE,9423
Sat Aug 15 04:39:43 IST 2020,1294410905640460289,NEUTRAL,19843
Sat Aug 15 04:39:42 IST 2020,1294410902431657985,NEUTRAL,147
Sat Aug 15 04:39:42 IST 2020,1294410900884066307,NEUTRAL,19843
Sat Aug 15 04:39:40 IST 2020,1294410893879631873,NEGATIVE,7
Sat Aug 15 04:39:40 IST 2020,1294410893812432898,NEUTRAL,0
Sat Aug 15 04:39:37 IST 2020,1294410879820271618,NEGATIVE,9423
Sat Aug 15 04:39:36 IST 2020,1294410876355633152,NEUTRAL,0
Sat Aug 15 04:39:32 IST 2020,1294410858626297856,NEGATIVE,9423
Sat Aug 15 04:39:32 IST 2020,1294410857816809473,NEUTRAL,0
Sat Aug 15 04:39:28 IST 2020,1294410842830561280,NEUTRAL,0
Sat Aug 15 04:39:27 IST 2020,1294410838598660096,POSITIVE,0
Sat Aug 15 04:39:27 IST 2020,1294410837336010753,NEUTRAL,55
Sat Aug 15 04:39:26 IST 2020,1294410833074638848,NEUTRAL,0
Sat Aug 15 04:39:22 IST 2020,1294410818726039552,NEGATIVE,9423
Sat Aug 15 04:39:21 IST 2020,1294410811201540097,NEGATIVE,12
